date,product_id,amount,quantity,region,category
2023-01-20,4392,32.35,2,East,Sports
2023-05-27,3303,3.01,2,West,Food
2023-12-23,8985,,14,North,Clothing
2023-03-15,3064,20.34,13,East,Clothing
2023-08-25,9499,34.65,7,South,Electronics
2023-07-09,9849,30.61,12,North,Food
2023-12-10,6307,43.03,10,South,Electronics
2023-12-24,6534,5.74,3,South,Electronics
2023-02-19,7999,10.99,13,South,Food
2023-08-21,1379,134.91,5,South,Home
2023-11-03,1706,21.83,8,West,Food
2023-09-13,1132,6.03,10,West,Clothing
2023-11-08,7948,23.23,13,West,Electronics
2023-01-10,8884,14.62,1,East,Home
2023-09-21,6884,93.32,10,East,Home
2023-08-10,9224,1.64,9,West,Home
2023-10-23,5810,7.15,6,East,Home
2023-07-10,9508,5.43,12,South,Electronics
2023-11-16,5976,13.17,9,North,Clothing
2023-10-08,3121,23.41,2,East,Food
2023-08-11,5020,38.79,6,Central,Electronics
2023-07-21,9132,55.8,3,South,Clothing
2023-04-01,6496,12.75,1,North,Food
2023-01-30,9327,4.42,4,South,Food
2023-02-24,5925,1.1,6,North,Electronics
2023-03-05,9276,131.03,5,East,Food
2023-07-12,1181,7.21,10,South,Clothing
2023-03-20,2952,57.31,11,East,Clothing
2023-02-19,3539,41.92,6,West,Food
2023-03-24,5592,9.02,12,West,Electronics
2023-09-20,5214,15.73,11,Central,Clothing
2023-09-11,9885,9.59,12,South,Clothing
2023-03-07,6653,29.03,2,West,Food
2023-07-18,1232,6.58,7,West,Home
2023-11-02,9010,5.76,4,West,Sports
2023-09-17,4867,49.82,10,South,Home
2023-05-20,3746,,2,West,Electronics
2023-10-22,9822,6.23,8,West,Food
2023-04-04,8074,31.19,11,East,Clothing
2023-07-12,4178,6.26,14,East,Home
2023-02-02,1052,8.74,10,West,Sports
2023-01-26,2170,1.21,6,West,Home
2023-10-24,1791,199.74,12,South,Sports
2023-02-01,3435,26.45,14,East,Clothing
2023-04-06,4963,19.28,11,South,Sports
2023-02-01,7936,48.87,11,North,Home
2023-03-26,6427,34.96,5,West,Sports
2023-06-01,2286,31.8,6,East,Home
2023-05-21,2405,1.87,6,East,Home
2023-02-09,6412,174.99,1,South,Home
2023-09-25,7670,7.31,3,North,Clothing
2023-11-16,2109,69.29,10,East,Sports
2023-02-22,6619,12.78,1,East,Clothing
2023-10-27,8208,4.25,11,South,Food
2023-12-01,3942,45.07,14,East,Clothing
2023-11-29,3261,25.01,12,Central,Home
2023-12-14,8963,8.39,4,West,Sports
2023-02-01,4882,3.64,9,Central,Electronics
2023-02-18,3609,18.98,6,South,Electronics
2023-11-15,9848,70.14,12,North,Electronics
2023-08-23,9464,7.33,6,South,Home
2023-11-28,2132,3.39,7,West,Food
2023-06-19,9767,31.14,2,East,Clothing
2023-06-19,4453,101.82,11,West,Home
2023-09-28,7556,108.21,4,East,Electronics
2023-12-07,8611,26.25,11,South,Clothing
2023-12-25,7643,26.98,6,West,Home
2023-08-13,2953,17.16,12,North,Sports
2023-03-27,6896,138.82,2,North,Home
2023-03-06,3752,73.97,3,East,Sports
2023-02-11,8987,59.66,5,Central,Sports
2023-06-13,8753,1.5,14,West,Food
2023-01-26,9556,50.52,8,North,Home
2023-10-30,3303,99.57,2,North,Home
2023-05-18,4865,29.19,8,North,Electronics
2023-07-08,5820,80.94,3,West,Clothing
2023-04-06,6400,5.47,4,East,Electronics
2023-12-11,5260,229.45,2,South,Home
2023-11-06,5699,23.84,3,West,Home
2023-02-06,3006,4.35,8,East,Electronics
2023-10-10,1791,22.83,10,North,Home
2023-12-06,8592,32.3,4,Central,Electronics
2023-02-28,7616,114.97,9,South,Food
2023-06-02,6857,22.29,10,West,Sports
2023-09-11,4272,19.57,6,East,Home
2023-07-05,1457,68.54,4,Central,Electronics
2023-08-11,8611,8.78,3,West,Sports
2023-01-22,1687,25.47,9,West,Sports
2023-08-31,5293,19.59,14,North,Food
2023-08-01,9604,4.01,4,East,Food
2023-11-05,9661,5.96,5,East,Electronics
2023-02-12,5714,21.9,13,North,Electronics
2023-07-03,5504,6.26,8,West,Electronics
2023-03-07,2110,18.92,9,North,Electronics
2023-11-27,7424,81.24,10,Central,Food
2023-02-14,1732,2.66,8,Central,Clothing
2023-12-07,8249,8.01,11,East,Sports
2023-03-20,4890,63.61,8,East,Electronics
2023-10-21,7747,8.14,11,East,Sports
2023-06-07,7804,9.12,12,South,Electronics
2023-02-25,7149,110.15,10,South,Clothing
2023-12-20,3064,4.44,8,West,Clothing
2023-10-02,5451,21.89,6,North,Clothing
2023-08-06,7444,27.75,1,East,Food
2023-08-15,6143,10.08,8,North,Electronics
2023-10-28,4883,65.31,5,Central,Electronics
2023-01-20,1591,,3,West,Electronics
2023-03-17,7019,14.97,2,West,Electronics
2023-01-02,6345,6.69,12,South,Food
2023-02-24,3094,13.64,3,East,Clothing
2023-03-05,4962,48.55,11,North,Electronics
2023-03-06,1753,15.47,11,East,Electronics
2023-01-09,6043,16.71,2,South,Food
2023-06-22,4862,45.72,13,North,Electronics
2023-03-02,4434,12.12,14,East,Food
2023-09-30,5425,19.68,11,Central,Home
2023-09-13,4852,99.34,4,West,Home
2023-05-13,8390,4.09,6,South,Electronics
2023-12-26,8536,37.57,6,South,Food
2023-08-22,5254,3.56,9,West,Electronics
2023-06-24,2351,23.94,8,Central,Electronics
2023-07-17,4448,8.8,4,West,Home
2023-02-14,4693,131.71,9,North,Clothing
2023-12-31,8041,57.66,5,North,Electronics
2023-01-18,4371,325.46,1,South,Home
2023-02-17,9308,4.24,9,Central,Home
2023-04-16,5139,14.39,8,East,Home
2023-12-11,9299,7.0,11,Central,Food
2023-07-27,4489,12.07,3,North,Food
2023-04-10,1665,12.15,1,North,Sports
2023-12-17,8196,6.58,6,South,Electronics
2023-10-22,3275,,4,North,Electronics
2023-07-26,5639,10.67,8,North,Food
2023-05-14,9416,413.13,4,East,Clothing
2023-11-01,4315,1.43,7,South,Sports
2023-10-28,3960,5.17,10,East,Food
2023-07-29,3364,19.79,2,North,Home
2023-06-17,8474,8.23,3,West,Home
2023-07-23,1521,21.53,8,South,Sports
2023-06-27,9893,19.43,2,West,Electronics
2023-01-27,8238,34.27,11,North,Electronics
2023-04-06,2616,98.38,12,West,Sports
2023-10-03,1252,20.67,3,North,Home
2023-04-02,5350,14.28,10,South,Home
2023-04-07,3966,26.96,12,East,Electronics
2023-12-28,1619,3.67,5,East,Electronics
2023-01-27,5252,27.8,1,South,Sports
2023-12-09,3838,45.65,8,Central,Clothing
2023-04-30,9723,11.72,2,West,Electronics
2023-06-03,6579,37.75,1,North,Home
2023-04-24,9838,12.19,6,West,Clothing
2023-06-26,7359,28.26,10,North,Clothing
2023-04-07,1184,15.14,14,North,Electronics
2023-04-21,3273,34.76,3,Central,Electronics
2023-07-16,6134,18.71,5,North,Home
2023-07-19,6220,2.71,4,Central,Electronics
2023-04-26,9709,15.87,6,East,Home
2023-02-01,3177,19.48,6,East,Clothing
2023-08-23,4679,51.23,2,East,Home
2023-09-14,5056,6.58,11,East,Electronics
2023-02-01,2184,8.17,9,West,Food
2023-02-19,8804,89.9,7,Central,Electronics
2023-01-14,5162,32.29,2,South,Food
2023-01-13,4239,,5,West,Electronics
2023-10-07,2647,58.79,13,East,Electronics
2023-11-10,6212,39.23,3,West,Sports
2023-09-19,5597,3.96,10,Central,Clothing
2023-09-15,8536,48.42,4,North,Clothing
2023-09-16,1526,55.95,12,Central,Food
2023-02-27,4700,12.3,8,North,Electronics
2023-10-24,4080,7.89,9,South,Electronics
2023-06-26,2498,22.46,3,South,Electronics
2023-05-15,4672,6.84,6,West,Clothing
2023-04-23,1680,22.62,10,West,Electronics
2023-03-08,7230,39.28,6,West,Clothing
2023-08-18,1110,14.5,4,East,Electronics
2023-07-20,6954,36.23,11,Central,Food
2023-03-21,9217,3.92,4,South,Clothing
2023-05-08,5719,263.25,4,North,Sports
2023-01-04,5921,8.83,4,Central,Home
2023-02-25,8920,0.59,9,South,Sports
2023-12-25,7078,40.94,13,West,Sports
2023-04-23,5789,52.45,5,West,Clothing
2023-03-05,8283,9.06,9,North,Sports
2023-10-17,1816,6.72,2,East,Home
2023-11-15,2981,3.48,10,North,Food
2023-08-01,1037,4.87,3,West,Food
2023-04-13,4973,2.57,9,South,Food
2023-07-12,4968,5.4,9,East,Electronics
2023-08-06,3513,22.93,4,West,Food
2023-02-24,1867,32.95,1,North,Home
2023-01-08,4173,52.26,12,East,Food
2023-04-06,4148,13.29,10,Central,Electronics
2023-07-12,4147,2.81,14,West,Home
2023-03-01,7618,82.87,5,South,Electronics
2023-06-18,2173,17.07,11,East,Home
2023-06-10,9258,97.17,2,South,Clothing
2023-05-14,5768,13.36,12,North,Home
2023-10-03,7410,5.24,3,West,Home
2023-03-10,5399,38.49,2,West,Home
2023-10-04,2031,101.83,13,Central,Food
2023-10-22,7555,26.62,8,South,Home
2023-03-19,8369,21.59,14,South,Home
2023-12-21,6329,21.45,10,Central,Home
2023-05-05,7277,16.36,1,East,Home
2023-04-13,2444,13.34,14,North,Electronics
2023-05-02,3001,14.58,9,East,Clothing
2023-01-23,1097,16.62,9,South,Home
2023-02-16,8323,8.99,3,Central,Sports
2023-05-18,6387,99.05,14,North,Electronics
2023-09-03,6040,52.56,13,South,Food
2023-12-25,1321,11.68,5,South,Home
2023-05-20,9732,15.7,5,Central,Sports
2023-11-28,2396,24.56,13,Central,Clothing
2023-02-07,3691,10.86,10,West,Home
2023-09-04,4624,41.93,7,North,Sports
2023-12-27,3061,14.71,14,East,Home
2023-06-23,6143,14.99,12,North,Food
2023-03-14,2834,31.06,3,West,Clothing
2023-06-13,7882,11.02,13,East,Electronics
2023-04-25,4375,33.18,5,North,Home
2023-01-06,2793,11.15,7,East,Food
2023-04-17,7363,60.53,3,South,Clothing
2023-09-01,2906,2.82,11,South,Home
2023-11-24,2263,2.81,5,East,Clothing
2023-03-18,6382,25.93,6,Central,Food
2023-05-27,7090,9.79,1,Central,Food
2023-10-19,8816,44.99,4,North,Food
2023-12-09,1458,13.83,10,North,Electronics
2023-08-16,9904,5.12,2,North,Home
2023-06-03,8997,65.9,11,South,Clothing
2023-09-04,1296,51.43,8,North,Food
2023-08-16,3025,175.77,4,Central,Sports
2023-06-07,7343,73.53,6,Central,Food
2023-10-08,9797,2.1,1,West,Food
2023-09-07,2325,13.28,12,South,Sports
2023-10-09,3450,39.81,11,South,Clothing
2023-11-09,9984,8.51,9,North,Electronics
2023-08-08,1078,6.86,11,South,Sports
2023-08-11,7218,20.78,9,East,Electronics
2023-09-23,8753,39.05,8,North,Electronics
2023-10-22,1432,4.42,3,North,Home
2023-02-06,7126,9.82,9,North,Home
2023-04-20,5109,18.71,14,Central,Home
2023-11-11,8879,16.5,3,South,Clothing
2023-12-25,3630,75.72,9,South,Sports
2023-11-24,8117,41.42,4,East,Sports
2023-03-20,4849,7.45,5,West,Electronics
2023-11-07,7069,34.19,11,North,Electronics
2023-01-13,8194,23.98,4,South,Clothing
2023-11-27,3540,20.89,5,East,Electronics
2023-02-25,1006,56.04,7,North,Sports
2023-11-23,1912,6.85,3,West,Electronics
2023-12-25,2302,29.02,1,North,Home
2023-02-15,3081,21.5,10,Central,Clothing
2023-12-01,6552,56.81,3,East,Sports
2023-04-29,9224,3.77,14,North,Home
2023-04-07,4618,10.98,1,North,Home
2023-04-12,2221,166.82,2,Central,Clothing
2023-11-09,6185,3.24,14,Central,Clothing
2023-09-22,3230,13.62,10,West,Clothing
2023-01-31,2046,46.34,8,East,Electronics
2023-05-12,9704,13.09,5,North,Clothing
2023-03-28,1030,1.93,9,West,Food
2023-09-06,8814,4.19,14,South,Clothing
2023-08-25,8496,19.34,12,North,Clothing
2023-08-03,3601,41.24,7,East,Clothing
2023-06-02,6969,4.17,5,North,Home
2023-02-02,5350,21.27,4,North,Clothing
2023-06-25,3259,7.99,4,South,Clothing
2023-08-23,3947,130.52,2,North,Home
2023-08-15,5580,21.86,11,West,Electronics
2023-12-22,6373,102.2,11,East,Food
2023-05-17,6593,86.73,8,South,Home
2023-09-13,2460,51.15,14,Central,Food
2023-03-13,1857,82.23,5,West,Electronics
2023-02-28,4449,28.94,2,West,Electronics
2023-06-14,5652,3.76,13,Central,Electronics
2023-07-03,3825,12.8,6,South,Food
2023-06-20,7701,91.1,5,East,Home
2023-07-06,6234,45.99,13,East,Food
2023-02-21,1932,93.94,2,South,Electronics
2023-07-18,1126,126.78,4,West,Home
2023-12-24,3664,40.56,13,North,Clothing
2023-08-18,6367,13.54,14,Central,Sports
2023-06-17,9947,75.86,5,South,Sports
2023-06-08,7636,7.23,11,East,Home
2023-04-18,6790,52.57,5,South,Home
2023-05-02,3785,3.17,12,North,Clothing
2023-08-26,5691,23.28,2,North,Clothing
2023-04-04,4249,234.12,11,West,Electronics
2023-07-11,3666,16.95,9,East,Sports
2023-06-04,7472,30.1,3,North,Electronics
2023-08-11,2932,22.53,3,North,Sports
2023-05-03,8667,38.09,14,West,Electronics
2023-10-31,5200,94.77,9,Central,Clothing
2023-05-31,2629,3.49,2,Central,Food
2023-09-27,4899,11.45,1,North,Home
2023-11-23,3078,23.79,6,West,Clothing
2023-01-25,2600,4.71,7,West,Clothing
2023-04-03,2313,6.87,7,South,Electronics
2023-06-05,9445,29.57,6,East,Clothing
2023-03-08,7317,37.96,4,North,Home
2023-03-21,7051,33.25,4,Central,Home
2023-04-20,1931,204.79,7,North,Food
2023-03-13,1739,1.78,12,East,Clothing
2023-04-02,5375,9.88,14,South,Clothing
2023-12-19,8922,10.91,12,East,Food
2023-11-25,2510,120.35,11,East,Clothing
2023-10-29,9950,13.82,8,North,Sports
2023-09-17,1089,49.01,4,East,Clothing
2023-12-31,3506,12.95,13,Central,Sports
2023-04-08,8544,11.51,10,Central,Sports
2023-05-14,4035,3.61,9,South,Home
2023-09-13,3385,27.77,13,North,Clothing
2023-07-18,3406,5.36,14,East,Food
2023-09-29,2557,12.84,9,North,Food
2023-04-06,2946,36.96,12,East,Sports
2023-05-11,6563,17.85,12,West,Food
2023-02-24,8240,8.31,12,West,Clothing
2023-09-21,3923,49.11,13,East,Clothing
2023-07-05,9367,6.06,1,North,Clothing
2023-03-10,3530,20.35,3,West,Sports
2023-02-22,4122,55.06,8,West,Food
2023-08-12,6321,20.38,7,East,Electronics
2023-06-07,9732,26.38,11,Central,Home
2023-09-14,7685,10.51,5,Central,Food
2023-05-11,3839,8.93,9,West,Food
2023-02-18,3387,43.07,11,Central,Sports
2023-03-20,1132,33.71,10,North,Home
2023-10-20,9944,58.46,2,North,Electronics
2023-12-21,9362,5.61,1,Central,Clothing
2023-09-23,2357,3.62,13,South,Clothing
2023-07-21,6972,2.47,1,North,Electronics
2023-01-27,8228,11.95,6,Central,Electronics
2023-07-12,3619,30.63,6,West,Food
2023-10-22,7702,32.54,9,East,Food
2023-08-13,3832,442.11,3,South,Electronics
2023-11-20,7804,57.37,4,East,Food
2023-08-24,3143,159.75,2,East,Food
2023-10-15,5418,146.7,8,East,Home
2023-08-30,7676,7.63,7,South,Home
2023-10-05,5962,16.18,9,West,Sports
2023-11-28,5760,7.3,4,East,Electronics
2023-02-24,5653,52.45,2,North,Sports
2023-01-05,6694,9.43,10,North,Food
2023-12-12,8432,5.8,11,South,Electronics
2023-09-07,2568,21.29,3,East,Sports
2023-09-04,1838,25.2,13,South,Food
2023-02-09,6150,94.07,11,South,Sports
2023-05-28,5098,67.77,6,East,Electronics
2023-02-25,4438,10.79,1,North,Electronics
2023-12-08,6545,110.34,10,North,Food
2023-04-16,6855,248.38,12,North,Clothing
2023-08-18,1987,63.64,14,North,Electronics
2023-12-24,6883,,6,East,Clothing
2023-02-14,5647,130.29,8,West,Sports
2023-12-15,1229,2.56,5,South,Clothing
2023-12-12,5288,33.27,5,North,Clothing
2023-10-06,9365,44.07,5,South,Food
2023-08-07,5295,10.71,10,East,Home
2023-09-03,5606,2.36,9,East,Home
2023-03-17,4900,80.87,13,Central,Food
2023-04-06,3363,213.29,3,Central,Sports
2023-07-03,3165,14.38,9,Central,Electronics
2023-01-04,2793,3.39,8,West,Sports
2023-02-12,2584,17.88,2,West,Home
2023-05-16,9992,4.51,6,North,Electronics
2023-06-19,9318,22.51,14,East,Food
2023-01-22,8016,43.76,5,North,Home
2023-02-15,6286,15.01,13,South,Sports
2023-10-12,9325,14.56,3,South,Clothing
2023-06-14,9782,11.58,7,East,Home
2023-04-05,9842,135.61,4,South,Electronics
2023-01-12,3566,3.25,8,North,Food
2023-11-18,5588,102.85,5,South,Electronics
2023-07-02,9247,305.28,10,East,Electronics
2023-04-15,7188,12.99,3,Central,Electronics
2023-06-16,3421,44.2,6,East,Food
2023-03-04,2104,36.32,7,East,Food
2023-08-01,6771,43.97,12,East,Clothing
2023-08-26,4332,11.68,2,Central,Home
2023-01-31,2643,47.36,4,West,Clothing
2023-01-06,7903,17.38,12,North,Clothing
2023-11-21,4980,43.43,7,Central,Food
2023-12-24,6863,11.87,4,South,Sports
2023-02-12,7894,10.63,6,West,Electronics
2023-04-23,5461,11.21,5,East,Sports
2023-02-23,2342,23.05,5,South,Electronics
2023-04-13,8065,,13,West,Food
2023-11-11,9052,4.35,11,East,Food
2023-04-19,5907,17.42,9,Central,Home
2023-05-06,9267,43.58,8,West,Electronics
2023-01-22,9398,13.26,13,North,Home
2023-07-23,6658,5.29,6,West,Electronics
2023-01-21,7353,4.0,7,South,Food
2023-02-26,3185,83.76,5,East,Electronics
2023-02-20,1847,2.21,5,West,Sports
2023-06-05,7391,10.78,12,West,Clothing
2023-01-14,5318,31.84,11,Central,Clothing
2023-02-06,4137,9.23,8,North,Electronics
2023-11-12,5049,48.38,11,South,Electronics
2023-09-14,1673,93.44,8,North,Sports
2023-12-09,5552,17.25,1,West,Clothing
2023-12-03,4131,21.33,1,North,Home
2023-12-13,5158,49.42,5,Central,Clothing
2023-04-25,4138,213.32,4,South,Electronics
2023-05-13,6123,56.94,6,South,Food
2023-05-23,6489,7.63,8,East,Sports
2023-07-23,9408,34.13,1,West,Electronics
2023-11-08,4325,30.71,1,East,Electronics
2023-04-06,4370,19.47,3,Central,Clothing
2023-03-28,3294,19.06,9,East,Sports
2023-11-17,2116,2.33,7,North,Electronics
2023-12-31,8922,19.42,13,West,Home
2023-06-14,5817,4.41,1,Central,Clothing
2023-09-09,9849,365.78,3,North,Clothing
2023-10-21,2409,236.06,13,Central,Electronics
2023-07-30,2817,9.13,12,South,Electronics
2023-11-18,3966,66.53,11,Central,Clothing
2023-12-28,9357,25.72,2,West,Electronics
2023-07-28,6865,15.83,2,Central,Sports
2023-12-06,4406,52.13,2,East,Food
2023-06-18,7225,35.04,10,South,Food
2023-08-24,5121,40.19,9,South,Sports
2023-07-10,3369,12.84,6,South,Electronics
2023-10-30,1680,29.96,2,North,Food
2023-04-15,8227,16.29,2,North,Clothing
2023-08-15,5516,49.91,3,North,Clothing
2023-08-12,1554,203.88,11,West,Home
2023-11-22,1155,34.91,12,North,Electronics
2023-09-06,3282,14.99,7,South,Electronics
2023-01-09,2650,90.78,8,West,Electronics
2023-09-25,6115,18.79,14,North,Electronics
2023-03-21,3348,65.16,11,South,Electronics
2023-08-14,4640,14.35,7,Central,Home
2023-01-17,4459,47.38,8,East,Electronics
2023-10-24,1684,160.04,10,East,Food
2023-04-02,6810,51.43,7,North,Electronics
2023-02-27,2306,5.19,5,Central,Electronics
2023-02-08,7792,3.4,1,South,Electronics
2023-08-16,4769,6.37,13,East,Sports
2023-02-09,4100,116.53,8,North,Electronics
2023-08-25,2117,4.49,3,West,Electronics
2023-02-23,1327,35.92,4,North,Sports
2023-03-04,3488,22.75,1,North,Electronics
2023-01-11,6974,0.89,11,South,Clothing
2023-11-19,3670,19.09,13,South,Clothing
2023-05-09,1589,34.54,11,West,Clothing
2023-12-20,7082,4.8,14,West,Clothing
2023-12-02,6753,13.8,12,West,Sports
2023-09-15,1461,129.56,4,East,Food
2023-09-26,7193,44.5,2,North,Electronics
2023-07-21,2281,10.84,2,East,Electronics
2023-04-29,4840,26.49,7,North,Clothing
2023-09-12,7281,,13,South,Home
2023-01-06,8232,19.51,6,North,Clothing
2023-05-04,4033,6.6,14,West,Food
2023-06-10,5099,124.35,8,Central,Food
2023-07-07,1906,48.08,13,South,Home
2023-02-22,4388,16.94,12,South,Food
2023-07-20,4075,15.27,4,East,Electronics
2023-02-14,9767,70.5,14,West,Food
2023-03-08,7546,11.34,7,Central,Clothing
2023-01-06,5172,90.14,6,Central,Clothing
2023-09-25,9885,22.6,10,South,Electronics
2023-11-03,2578,58.65,14,South,Food
2023-02-06,7286,78.39,6,East,Clothing
2023-12-02,7410,0.75,3,North,Sports
2023-02-28,9116,11.04,4,West,Home
2023-08-10,1123,64.42,1,Central,Food
2023-01-20,2731,19.21,8,South,Food
2023-12-15,3895,2.94,3,North,Electronics
2023-02-02,3967,4.25,9,East,Electronics
2023-04-14,1271,5.15,9,South,Electronics
2023-12-03,5280,7.75,11,South,Food
2023-02-22,4583,24.03,8,West,Electronics
2023-10-13,2861,40.5,5,South,Sports
2023-10-12,1063,13.87,11,West,Electronics
2023-08-09,8318,86.73,9,Central,Food
2023-09-18,4955,50.6,5,Central,Sports
2023-01-12,7848,6.66,7,North,Home
2023-07-02,1479,129.62,7,West,Food
2023-12-25,7503,9.53,3,West,Electronics
2023-10-24,3954,37.53,11,North,Electronics
2023-06-14,8882,67.75,1,South,Electronics
2023-07-11,9159,35.68,12,West,Food
2023-05-25,9661,51.59,7,South,Food
2023-12-08,7711,35.99,3,Central,Food
2023-08-06,9686,2.55,9,North,Food
2023-10-06,5722,8.07,3,West,Clothing
2023-01-12,1329,36.91,5,West,Electronics
2023-08-13,6301,5.05,2,West,Electronics
2023-02-15,9294,42.07,1,North,Food
2023-01-15,5574,12.38,4,North,Electronics
2023-11-10,1774,23.96,5,East,Home
2023-01-06,2688,66.32,7,Central,Clothing
2023-01-31,4679,95.59,7,North,Sports
2023-01-11,6861,27.49,8,North,Electronics
2023-08-07,2520,41.03,13,East,Home
2023-05-19,2853,14.83,8,South,Sports
2023-05-10,6810,28.26,8,East,Electronics
2023-10-03,8007,10.61,14,East,Electronics
2023-06-02,7813,2.5,3,North,Clothing
2023-01-14,9402,9.71,1,Central,Clothing
2023-07-02,8284,7.21,7,South,Electronics
2023-08-19,1871,29.19,6,East,Clothing
2023-06-07,3952,9.17,4,East,Home
2023-01-17,4397,8.19,9,South,Home
2023-03-05,1528,8.96,8,Central,Home
2023-11-26,2649,5.88,1,East,Clothing
2023-07-23,7718,12.21,14,Central,Home
2023-06-04,6185,,10,West,Electronics
2023-05-19,5353,4.13,9,Central,Electronics
2023-06-10,3529,26.61,14,West,Electronics
2023-02-11,3093,41.97,11,North,Clothing
2023-06-30,1409,57.8,4,East,Electronics
2023-01-23,6637,14.99,13,East,Clothing
2023-04-21,2921,101.11,13,North,Home
2023-10-05,4535,10.84,8,Central,Electronics
2023-03-05,9824,7.35,7,East,Home
2023-08-02,2632,76.55,9,East,Clothing
2023-06-19,1476,7.28,9,South,Food
2023-07-04,9488,9.83,8,South,Home
2023-10-19,9578,20.96,3,East,Food
2023-08-18,5804,6.88,3,North,Food
2023-05-25,7240,7.55,7,South,Sports
2023-02-26,6942,4.61,5,West,Sports
2023-09-11,4790,88.15,3,South,Electronics
2023-07-02,3541,21.68,8,North,Clothing
2023-09-15,3069,12.63,10,North,Sports
2023-04-06,9444,1.05,2,East,Sports
2023-02-25,9855,9.92,3,South,Clothing
2023-08-16,6842,46.52,8,Central,Clothing
2023-08-06,6837,4.03,8,East,Electronics
2023-08-10,6305,20.05,5,North,Sports
2023-09-03,6129,23.37,12,West,Home
2023-03-30,4699,13.81,2,West,Sports
2023-04-24,7303,40.92,12,South,Food
2023-12-10,4662,18.02,3,South,Sports
2023-11-03,5115,4.56,10,South,Clothing
2023-05-17,3399,0.93,10,West,Electronics
2023-05-13,5406,77.25,14,East,Sports
2023-09-11,7369,12.93,2,North,Sports
2023-11-17,9386,230.48,12,North,Clothing
2023-07-28,5048,66.62,6,South,Electronics
2023-02-22,8516,49.86,5,South,Home
2023-06-11,1722,20.87,13,West,Electronics
2023-06-14,6844,23.45,6,West,Clothing
2023-05-28,5516,100.96,6,Central,Food
2023-02-25,2435,354.41,8,South,Home
2023-11-13,7931,36.89,2,East,Electronics
2023-09-18,1535,32.23,12,West,Clothing
2023-09-19,4239,89.38,3,East,Clothing
2023-12-28,4140,3.0,7,North,Sports
2023-08-13,7506,26.19,13,Central,Food
2023-10-10,4921,208.14,9,East,Sports
2023-09-04,8602,49.68,10,West,Clothing
2023-05-12,7915,3.77,13,North,Food
2023-12-05,5935,222.31,12,South,Clothing
2023-07-17,3538,128.86,14,North,Food
2023-07-26,2306,32.13,2,West,Home
2023-01-19,8776,9.77,14,North,Home
2023-01-11,2608,,6,South,Food
2023-11-20,5027,17.72,1,East,Home
2023-01-08,3394,12.47,4,East,Sports
2023-03-28,9949,4.23,5,South,Electronics
2023-05-29,8187,35.25,12,South,Clothing
2023-04-08,9276,6.01,9,South,Electronics
2023-06-29,5056,31.66,6,West,Electronics
2023-11-16,5758,13.04,8,West,Home
2023-11-30,1803,1.39,6,North,Food
2023-06-13,7247,18.73,3,West,Home
2023-03-21,4847,101.05,11,East,Home
2023-09-23,4390,10.88,1,East,Food
2023-11-03,1647,23.48,14,West,Clothing
2023-09-20,6874,32.68,10,East,Food
2023-08-14,1780,41.25,1,South,Electronics
2023-07-31,1645,2.5,5,North,Food
2023-10-24,1764,26.07,14,North,Electronics
2023-01-04,4932,27.44,11,West,Sports
2023-05-19,9952,166.55,13,North,Clothing
2023-11-21,2036,7.81,3,South,Sports
2023-05-08,9504,29.23,6,North,Clothing
2023-10-12,7793,89.64,13,West,Clothing
2023-06-10,4575,1.93,11,Central,Clothing
2023-06-05,1541,4.47,7,South,Electronics
2023-11-11,6159,,2,Central,Electronics
2023-12-30,9778,53.78,10,North,Electronics
2023-01-05,4367,29.01,12,South,Clothing
2023-10-17,2196,21.69,4,North,Home
2023-09-14,3510,59.72,5,North,Home
2023-03-30,1300,237.94,12,East,Home
2023-02-01,8043,12.44,11,North,Home
2023-06-07,4705,18.88,9,East,Clothing
2023-12-31,6542,5.73,7,Central,Food
2023-03-08,1809,54.27,5,North,Electronics
2023-03-03,3603,32.99,14,North,Food
2023-08-20,6241,69.31,1,East,Electronics
2023-06-22,6924,7.07,11,South,Sports
2023-05-11,4488,28.95,2,North,Clothing
2023-03-17,4035,4.29,11,North,Electronics
2023-12-02,2248,6.07,8,West,Clothing
2023-04-28,7262,4.48,5,North,Electronics
2023-01-15,1600,6.69,14,South,Electronics
2023-12-15,1147,19.79,4,West,Electronics
2023-02-16,2319,6.01,6,South,Home
2023-05-17,4833,27.6,9,Central,Home
2023-05-15,9280,8.8,5,South,Food
2023-03-30,1830,36.68,14,East,Sports
2023-10-21,4799,332.71,11,North,Electronics
2023-08-14,4622,10.84,7,West,Electronics
2023-09-14,6564,20.25,4,West,Food
2023-01-24,4491,6.61,8,Central,Electronics
2023-03-27,3004,1.0,3,East,Food
2023-02-17,7473,8.15,7,Central,Food
2023-07-15,4319,15.08,10,North,Clothing
2023-06-03,5120,34.28,12,Central,Electronics
2023-10-06,1712,2.77,2,South,Clothing
2023-12-25,7888,33.43,3,South,Electronics
2023-11-02,8986,5.66,6,East,Food
2023-03-11,9037,23.11,13,East,Clothing
2023-09-27,1672,8.45,5,North,Electronics
2023-11-24,4537,50.19,14,East,Sports
2023-07-04,8182,11.54,11,West,Clothing
2023-02-05,4457,11.36,4,Central,Home
2023-07-10,5725,14.75,3,South,Food
2023-11-12,6625,6.51,8,East,Electronics
2023-08-18,3491,9.06,8,West,Electronics
2023-12-12,5346,116.47,3,North,Electronics
2023-07-04,7044,112.3,12,South,Food
2023-02-11,5854,28.81,1,East,Home
2023-12-09,6083,291.39,2,East,Electronics
2023-09-04,9196,32.78,10,North,Clothing
2023-10-30,3036,45.45,9,West,Food
2023-02-04,9551,41.97,7,South,Home
2023-02-26,7018,145.78,11,Central,Home
2023-03-20,3929,5.47,8,West,Home
2023-03-07,9982,4.69,5,North,Clothing
2023-09-06,4807,3.48,10,West,Sports
2023-08-01,1288,10.31,6,Central,Clothing
2023-05-26,1078,27.74,14,South,Electronics
2023-06-28,7933,8.98,9,North,Sports
2023-05-20,3634,132.35,5,West,Clothing
2023-02-01,4873,23.18,9,West,Electronics
2023-07-22,7589,3.04,5,East,Electronics
2023-03-18,6136,11.37,5,South,Clothing
2023-11-17,6426,3.59,7,West,Sports
2023-08-23,4387,34.0,14,East,Electronics
2023-11-01,6723,146.78,13,Central,Home
2023-12-24,6473,39.43,4,East,Sports
2023-12-20,4935,14.19,5,West,Sports
2023-10-30,6075,84.36,8,Central,Sports
2023-10-17,4050,13.58,14,South,Sports
2023-06-28,1579,16.89,12,North,Electronics
2023-06-11,9746,1.9,2,South,Food
2023-12-24,8301,,14,West,Food
2023-10-25,6315,2.01,9,Central,Sports
2023-01-10,3476,13.1,8,Central,Home
2023-03-18,4077,41.71,2,East,Home
2023-05-06,8757,13.71,2,Central,Food
2023-04-04,1169,214.16,12,North,Home
2023-11-28,7452,17.89,7,West,Sports
2023-06-22,5534,25.23,2,North,Electronics
2023-02-17,5196,4.8,3,East,Sports
2023-10-07,3579,4.37,11,North,Home
2023-08-16,4733,15.58,1,West,Food
2023-12-27,3979,,10,Central,Food
2023-11-23,9242,3.53,8,East,Electronics
2023-01-07,7530,11.43,5,West,Electronics
2023-07-15,8384,2.37,5,Central,Electronics
2023-06-21,6936,18.24,7,East,Home
2023-06-01,2786,7.53,8,West,Home
2023-09-26,6240,14.53,9,Central,Sports
2023-03-24,2029,41.55,8,South,Electronics
2023-05-04,1100,14.39,2,Central,Sports
2023-04-12,6500,9.14,1,North,Home
2023-08-08,1192,50.3,14,North,Food
2023-10-10,6281,2.71,4,East,Sports
2023-10-28,1936,18.71,4,West,Clothing
2023-09-24,9797,28.18,4,West,Food
2023-07-12,8328,6.52,5,South,Home
2023-06-18,7161,17.08,2,West,Clothing
2023-04-28,8442,110.58,6,North,Electronics
2023-11-19,7245,42.7,12,West,Clothing
2023-05-03,6377,76.46,4,East,Sports
2023-06-13,2786,1.89,2,North,Electronics
2023-04-28,5279,78.08,11,South,Food
2023-09-07,2727,33.32,7,East,Home
2023-02-12,1643,47.71,8,East,Food
2023-05-28,9310,11.42,9,South,Food
2023-06-13,2626,16.14,13,North,Electronics
2023-02-28,1395,36.96,4,South,Food
2023-09-04,3877,51.35,11,West,Food
2023-12-23,4460,24.16,10,Central,Sports
2023-06-17,4438,28.94,7,East,Food
2023-03-05,8203,8.89,7,Central,Sports
2023-07-13,4152,10.97,12,West,Food
2023-01-21,4105,2.37,5,South,Food
2023-01-16,6699,7.14,10,East,Clothing
2023-05-29,4500,12.67,3,North,Clothing
2023-06-17,8544,130.25,2,West,Home
2023-04-19,4891,8.5,10,Central,Electronics
2023-05-25,4163,9.99,11,East,Food
2023-01-06,3059,24.83,4,Central,Sports
2023-07-19,3714,24.02,12,West,Sports
2023-10-27,4537,3.04,1,West,Clothing
2023-01-20,5009,23.5,11,North,Clothing
2023-10-20,1787,8.18,14,South,Sports
2023-06-12,2520,80.65,7,East,Food
2023-01-30,4840,36.96,13,North,Clothing
2023-01-17,5795,35.91,2,North,Clothing
2023-08-31,2270,69.52,9,East,Food
2023-07-24,1561,9.24,6,Central,Clothing
2023-03-05,5600,32.49,11,South,Home
2023-05-02,6140,12.12,9,East,Home
2023-12-12,4543,6.93,11,Central,Sports
2023-03-09,7491,17.66,11,West,Sports
2023-01-30,2080,39.09,13,South,Electronics
2023-12-23,6140,5.85,1,Central,Clothing
2023-10-19,4480,12.97,1,North,Electronics
2023-08-07,8037,14.69,14,North,Food
2023-06-28,4660,9.06,9,North,Clothing
2023-02-11,2617,4.06,11,Central,Clothing
2023-09-27,2464,22.27,9,West,Sports
2023-05-08,7647,66.83,13,Central,Sports
2023-03-03,8699,100.75,4,West,Sports
2023-05-22,7479,27.76,12,East,Sports
2023-01-15,4580,21.49,14,Central,Electronics
2023-08-20,6665,10.6,9,South,Electronics
2023-02-19,9526,1.69,11,West,Food
2023-04-27,7438,19.1,6,North,Clothing
2023-06-17,4614,19.73,8,North,Food
2023-09-06,8331,7.33,12,North,Clothing
2023-11-16,8827,14.02,8,Central,Home
2023-08-04,6098,2.38,5,North,Home
2023-10-11,3129,17.52,11,North,Food
2023-12-12,3118,44.09,14,South,Sports
2023-11-26,7870,18.5,3,West,Food
2023-06-30,1876,17.57,7,South,Food
2023-12-03,7677,21.11,4,East,Electronics
2023-07-11,2912,7.03,2,South,Electronics
2023-02-17,4605,17.0,11,North,Home
2023-08-11,5309,2.17,1,Central,Home
2023-06-09,1898,15.9,3,North,Clothing
2023-05-04,5659,5.97,8,East,Clothing
2023-06-30,4155,55.34,6,East,Home
2023-11-10,9800,20.68,13,West,Electronics
2023-08-03,4874,10.85,3,West,Food
2023-08-29,2455,34.01,7,West,Home
2023-10-19,4131,8.55,6,Central,Home
2023-02-15,7895,13.61,11,West,Clothing
2023-11-28,4808,11.84,4,Central,Electronics
2023-11-09,8998,21.86,6,North,Food
2023-01-25,1977,50.55,14,South,Electronics
2023-04-17,6522,3.3,11,West,Sports
2023-02-18,3095,90.79,4,East,Clothing
2023-07-16,2413,5.47,1,Central,Electronics
2023-05-31,8279,13.92,8,South,Food
2023-04-11,1507,8.07,14,North,Electronics
2023-08-09,6380,38.38,11,South,Home
2023-08-22,2695,51.98,13,East,Home
2023-03-25,3189,0.93,10,North,Electronics
2023-11-01,1512,16.42,4,South,Home
2023-09-20,5095,5.02,2,West,Food
2023-02-14,4197,9.28,4,South,Food
2023-06-29,8417,8.49,7,Central,Sports
2023-03-26,9920,6.09,4,West,Clothing
2023-01-14,8577,17.91,7,East,Home
2023-08-21,2585,48.43,4,East,Food
2023-05-04,9800,17.72,14,Central,Electronics
2023-12-01,4423,11.17,3,North,Sports
2023-01-09,4833,119.55,8,Central,Clothing
2023-10-11,1331,31.87,5,West,Food
2023-06-17,8863,11.32,4,East,Food
2023-07-27,8027,4.63,11,South,Food
2023-06-16,7815,4.11,13,East,Food
2023-03-29,9301,34.15,1,South,Clothing
2023-09-03,2636,18.46,14,Central,Food
2023-08-02,6928,2.0,13,Central,Clothing
2023-04-01,7788,5.5,11,East,Clothing
2023-08-28,8902,66.13,9,Central,Electronics
2023-10-07,5219,4.26,11,North,Electronics
2023-01-28,8976,7.46,6,East,Home
2023-03-02,1076,,2,West,Sports
2023-08-21,7637,10.9,14,Central,Food
2023-11-27,2120,26.72,4,North,Clothing
2023-01-24,7081,22.01,12,South,Electronics
2023-07-31,4339,16.3,10,North,Clothing
2023-01-04,5465,3.12,9,North,Sports
2023-12-30,3111,33.39,7,North,Clothing
2023-12-07,5544,16.36,13,West,Electronics
2023-05-25,9231,230.81,3,West,Sports
2023-10-14,5870,13.97,14,East,Electronics
2023-11-23,6774,81.73,3,West,Electronics
2023-08-16,7338,115.44,10,South,Home
2023-05-19,3145,13.77,10,South,Electronics
2023-03-13,8173,10.49,6,West,Food
2023-06-19,5284,18.41,12,West,Electronics
2023-04-27,2467,3.64,3,South,Clothing
2023-05-11,2382,58.99,2,West,Food
2023-07-16,3004,112.43,1,East,Electronics
2023-10-09,8789,27.32,1,North,Food
2023-11-12,1389,8.96,9,West,Electronics
2023-10-23,8859,9.12,13,North,Clothing
2023-07-04,3496,4.7,3,North,Electronics
2023-09-29,6212,15.15,10,West,Electronics
2023-11-08,6865,16.17,5,South,Sports
2023-07-16,7114,26.73,4,North,Home
2023-02-21,3187,12.81,12,West,Clothing
2023-06-22,9602,39.17,2,East,Home
2023-05-27,1171,30.08,7,South,Food
2023-07-03,6967,44.42,5,East,Home
2023-11-24,5638,5.59,6,North,Clothing
2023-03-08,1570,327.73,10,East,Food
2023-07-10,5272,137.22,10,West,Sports
2023-10-02,1647,36.84,5,West,Clothing
2023-08-25,3044,5.82,4,South,Home
2023-08-15,6901,16.47,3,Central,Home
2023-09-17,6406,10.96,4,Central,Electronics
2023-11-05,2588,158.43,11,West,Clothing
2023-01-08,4752,43.15,9,South,Electronics
2023-10-17,7381,2.91,12,West,Sports
2023-03-23,3537,13.86,3,East,Clothing
2023-12-15,1536,7.48,3,Central,Clothing
2023-01-15,8080,48.49,13,South,Electronics
2023-10-10,1200,22.67,13,East,Food
2023-08-12,4354,13.26,4,East,Food
2023-01-01,3124,47.14,11,South,Home
2023-01-13,2929,30.54,7,North,Home
2023-10-18,3912,24.4,9,West,Electronics
2023-06-05,9667,56.19,4,West,Clothing
2023-02-26,5509,16.24,11,West,Clothing
2023-12-17,3412,20.26,9,Central,Home
2023-03-25,7642,30.78,5,South,Electronics
2023-09-22,3362,18.58,12,Central,Clothing
2023-01-17,3397,,2,South,Electronics
2023-07-12,1124,14.7,10,West,Electronics
2023-04-21,5423,43.12,6,Central,Sports
2023-07-23,3131,6.72,13,North,Food
2023-08-22,8523,83.15,7,North,Clothing
2023-09-14,4831,22.87,5,South,Electronics
2023-03-18,1357,53.99,3,East,Sports
2023-03-19,3310,36.83,11,North,Electronics
2023-11-14,6517,355.01,3,North,Home
2023-08-14,2063,52.81,9,Central,Home
2023-09-26,5389,17.17,11,North,Home
2023-04-22,1586,12.01,8,South,Home
2023-02-16,3277,9.93,13,North,Electronics
2023-04-01,7542,2.85,5,West,Home
2023-05-05,9350,10.81,9,West,Clothing
2023-10-13,2609,46.53,7,South,Electronics
2023-05-13,2997,7.13,11,West,Electronics
2023-02-15,8089,51.38,5,North,Electronics
2023-02-17,6270,41.55,2,North,Food
2023-04-01,1345,20.54,13,North,Clothing
2023-06-08,6222,16.14,3,East,Sports
2023-05-16,3375,8.12,7,North,Home
2023-12-10,4731,,3,East,Electronics
2023-09-08,2390,25.59,4,South,Electronics
2023-06-08,2688,32.43,6,South,Food
2023-09-22,3785,31.93,3,Central,Food
2023-01-07,7996,34.39,10,Central,Clothing
2023-08-21,1321,49.81,13,North,Home
2023-07-09,4849,7.1,13,West,Clothing
2023-01-17,3279,24.48,10,East,Electronics
2023-06-29,7630,44.78,12,South,Electronics
2023-02-06,3230,26.37,8,Central,Food
2023-03-05,1462,,13,Central,Electronics
2023-01-01,7208,54.86,6,West,Sports
2023-06-02,9941,25.07,2,South,Sports
2023-12-25,8642,4.96,14,East,Food
2023-02-13,8165,4.19,2,Central,Sports
2023-12-20,1276,6.12,1,Central,Electronics
2023-10-27,7800,4.59,5,South,Electronics
2023-04-26,5288,12.56,11,East,Clothing
2023-05-16,1543,43.06,3,North,Sports
2023-10-26,8555,6.37,2,North,Sports
2023-01-09,3708,6.52,1,Central,Electronics
2023-12-06,4060,15.22,8,South,Food
2023-05-23,7082,43.72,4,North,Electronics
2023-07-31,4924,53.82,4,North,Clothing
2023-04-16,6067,162.95,12,East,Electronics
2023-01-16,5040,13.29,8,West,Clothing
2023-03-04,4336,12.54,1,East,Sports
2023-04-21,2122,9.04,14,North,Sports
2023-06-23,2588,6.62,9,West,Electronics
2023-11-07,8187,4.64,7,North,Sports
2023-11-09,8496,63.48,1,West,Home
2023-08-22,5964,46.72,5,West,Electronics
2023-04-11,9082,19.02,4,West,Home
2023-09-24,9915,74.67,13,West,Food
2023-05-16,5560,235.83,11,West,Food
2023-06-21,4847,141.21,12,East,Electronics
2023-01-22,4829,6.32,9,North,Sports
2023-05-24,7024,37.6,2,West,Food
2023-02-10,6036,40.65,7,Central,Home
2023-09-11,4265,166.5,5,North,Electronics
2023-12-26,3107,8.51,2,West,Sports
2023-01-12,3728,37.25,1,West,Home
2023-05-08,6071,9.17,12,West,Electronics
2023-06-20,7155,2.38,7,North,Clothing
2023-11-09,8150,132.0,10,North,Food
2023-04-20,9222,72.37,4,South,Clothing
2023-05-22,5808,3.7,14,Central,Food
2023-07-23,6288,10.62,3,West,Sports
2023-07-12,1820,6.66,14,West,Home
2023-12-27,5414,89.38,10,West,Food
2023-11-08,6355,32.34,13,West,Sports
2023-08-01,7523,19.0,10,East,Food
2023-01-18,3477,3.92,6,West,Food
2023-06-08,9012,,14,Central,Food
2023-08-19,8715,6.0,2,North,Electronics
2023-05-15,5616,7.27,9,North,Sports
2023-08-08,5456,3.11,14,West,Sports
2023-03-02,5134,24.77,12,West,Home
2023-11-27,5337,5.13,6,East,Electronics
2023-11-07,8032,12.59,2,West,Electronics
2023-02-23,6395,17.39,4,East,Food
2023-02-01,4903,42.28,9,East,Clothing
2023-08-26,4924,16.29,10,Central,Home
2023-08-01,7601,1.47,3,North,Food
2023-06-11,7285,163.55,7,South,Clothing
2023-04-11,5368,6.17,9,Central,Sports
2023-04-11,1241,1.67,6,North,Sports
2023-07-27,6010,5.33,13,East,Electronics
2023-08-09,5060,6.37,8,South,Electronics
2023-03-03,1840,53.12,4,South,Food
2023-10-31,2593,95.48,7,West,Home
2023-03-18,5374,5.92,12,North,Electronics
2023-12-07,6201,6.86,12,West,Food
2023-12-09,3447,8.73,9,South,Home
2023-10-17,4630,58.02,5,West,Clothing
2023-10-25,6757,26.11,8,Central,Home
2023-07-08,4633,2.02,5,West,Electronics
2023-07-19,2735,34.99,2,North,Sports
2023-04-18,7978,24.02,8,Central,Food
2023-03-31,5052,15.77,7,South,Clothing
2023-01-13,7499,4.27,6,North,Clothing
2023-04-29,4666,2.65,6,Central,Sports
2023-02-09,4890,60.96,6,Central,Clothing
2023-03-01,5683,19.8,7,North,Electronics
2023-07-13,9305,95.69,2,North,Home
2023-01-25,7443,21.12,4,North,Electronics
2023-10-31,9873,1.42,9,Central,Clothing
2023-01-08,5533,15.42,2,South,Electronics
2023-08-23,3030,149.56,13,North,Home
2023-07-09,8593,4.64,10,West,Home
2023-12-17,8476,33.5,11,South,Electronics
2023-03-14,9066,2.28,10,East,Home
2023-12-31,7811,,12,East,Electronics
2023-04-28,4747,28.34,2,East,Home
2023-06-09,8075,50.52,13,West,Clothing
2023-03-04,4973,21.41,12,West,Home
2023-07-13,1873,12.94,11,South,Home
2023-02-01,6364,208.07,5,East,Sports
2023-01-23,7090,2.99,1,South,Electronics
2023-06-06,7423,36.27,14,East,Home
2023-07-14,7918,83.55,10,West,Sports
2023-07-04,6919,5.18,2,East,Sports
2023-04-27,3232,105.13,8,North,Electronics
2024-01-01,5903,48.06,1,West,Electronics
2023-11-30,1607,1.38,3,North,Clothing
2023-03-09,4232,45.1,10,South,Electronics
2023-11-20,9112,41.99,13,North,Clothing
2023-05-21,6948,151.38,14,South,Home
2023-11-29,9340,9.12,3,South,Food
2023-05-01,1637,113.88,4,North,Electronics
2023-08-25,7057,121.37,12,West,Sports
2023-01-24,1400,4.4,12,West,Electronics
2023-01-06,4549,65.26,9,South,Sports
2023-05-20,6463,14.56,5,East,Home
2023-08-29,8554,40.75,5,West,Electronics
2023-03-01,6395,23.8,7,South,Home
2023-01-06,3677,6.19,4,North,Clothing
2023-06-19,5051,40.07,4,East,Clothing
2023-04-07,3858,7.83,14,Central,Clothing
2023-10-26,7276,23.3,11,East,Clothing
2023-12-09,7826,1.94,14,North,Clothing
2023-04-19,8134,98.93,13,Central,Sports
2023-08-20,7993,22.76,12,North,Food
2023-06-11,1747,31.91,1,North,Home
2023-10-09,6026,36.47,7,Central,Food
2023-10-26,8418,0.89,11,North,Clothing
2023-03-23,7195,26.03,14,Central,Home
2023-09-14,6944,25.8,1,South,Electronics
2023-01-10,2245,10.49,4,South,Clothing
2023-09-14,9775,11.01,13,West,Clothing
2023-05-25,6102,2.66,10,West,Sports
2023-12-30,2421,8.18,9,Central,Clothing
2023-09-15,7594,12.61,4,South,Clothing
2023-02-25,4019,27.53,12,Central,Sports
2023-09-18,6118,371.48,8,Central,Home
2023-07-14,2970,96.24,9,South,Clothing
2023-09-02,9987,12.02,1,West,Clothing
2023-06-04,7209,7.47,10,Central,Food
2023-11-08,6718,88.15,11,West,Sports
2023-02-06,6727,40.74,1,West,Sports
2023-06-02,3884,72.76,13,East,Sports
2023-03-10,7240,217.66,11,West,Sports
2023-04-25,8373,37.85,6,North,Electronics
2023-06-30,2331,22.39,5,East,Food
2023-07-05,7466,34.5,9,East,Clothing
2023-09-03,2723,35.4,12,Central,Home
2023-08-11,8465,49.18,4,West,Electronics
2023-03-01,7599,16.9,11,South,Electronics
2023-11-07,5751,5.09,3,South,Electronics
2023-01-16,6819,96.75,4,East,Clothing
2023-08-17,5831,15.24,3,North,Clothing
2023-01-06,8223,6.58,4,North,Sports
2023-12-14,5158,11.25,14,South,Clothing
2023-03-08,2889,38.68,10,North,Sports
2023-09-09,9033,7.7,13,South,Sports
2023-08-13,9078,3.78,8,Central,Home
2023-05-13,6941,2.57,11,South,Clothing
2023-09-14,7261,10.43,5,East,Food
2023-06-30,7440,107.68,2,South,Electronics
2023-07-16,7252,30.5,4,West,Electronics
2023-08-09,3375,13.03,3,Central,Home
2023-11-24,5403,12.73,8,North,Home
2023-07-30,7661,28.21,12,West,Electronics
2023-05-31,8221,12.25,8,South,Clothing
2023-01-18,8124,24.57,4,Central,Sports
2023-09-19,8360,5.11,13,East,Sports
2023-09-07,5064,31.04,6,West,Electronics
2023-12-02,1670,29.73,1,North,Sports
2023-01-11,1934,12.6,8,West,Electronics
2023-10-26,1332,87.42,9,Central,Food
2023-08-03,2794,204.85,13,South,Clothing
2023-10-22,5486,87.22,6,West,Food
2023-10-30,1568,86.33,5,South,Electronics
2023-01-29,8564,14.21,14,North,Home
2023-02-20,1135,9.75,9,East,Home
2023-01-01,3915,16.12,7,West,Sports
2023-03-30,5833,50.79,4,East,Food
2023-06-04,3750,38.33,1,Central,Clothing
2023-09-12,4705,13.61,11,West,Sports
2023-06-26,7061,16.4,13,South,Electronics
2023-11-18,5894,18.21,2,North,Food
2023-10-11,4620,53.65,6,North,Sports
2023-04-23,3852,,7,West,Food
2023-04-20,8657,55.4,4,North,Food
2023-02-10,6224,15.61,12,North,Clothing
2023-09-18,5958,10.07,7,Central,Home
2023-06-28,6386,4.36,8,South,Food
2023-06-12,1740,106.74,1,West,Electronics
2023-02-11,9369,19.02,5,North,Clothing
2023-12-15,3752,31.45,10,South,Clothing
2023-11-01,4622,27.1,8,West,Electronics
2023-02-07,5755,92.64,1,West,Clothing
2023-12-30,5422,29.78,1,Central,Clothing
2023-01-16,7044,2.71,7,North,Food
2023-03-22,4618,41.45,10,North,Food
2023-09-06,3053,8.49,11,North,Electronics
2023-06-27,2740,947.91,7,West,Electronics
2023-07-21,6746,38.55,7,West,Food
2023-03-25,2188,62.84,8,Central,Home
2023-09-26,2143,22.47,8,North,Clothing
2023-12-17,4597,33.65,5,North,Home
2023-03-29,7831,14.48,10,East,Sports
2023-12-16,4271,23.29,5,East,Clothing
2023-06-13,9640,4.34,6,East,Electronics
2023-01-12,3648,5.79,9,North,Home
2023-01-25,6268,19.34,7,South,Electronics
2023-01-07,4468,91.23,14,North,Home
2023-02-19,4584,159.45,2,South,Sports
2023-03-14,8612,55.95,1,South,Clothing
2023-12-27,7546,23.27,3,Central,Electronics
2023-07-07,7971,35.47,7,East,Sports
2023-10-18,5756,33.17,11,North,Electronics
2023-09-27,3029,208.9,11,South,Food
2023-02-12,5057,6.56,11,Central,Home
2023-02-15,4225,3.67,10,North,Electronics
2023-05-24,2276,15.32,2,West,Home
2023-11-05,1628,4.85,1,North,Electronics
2023-04-16,9097,7.01,13,West,Sports
2023-09-23,1473,62.91,12,Central,Food
2023-04-06,4627,5.98,9,West,Sports
2023-11-17,7510,6.98,4,Central,Electronics
2023-12-23,2114,5.58,9,Central,Electronics
2023-02-22,6936,5.39,3,Central,Electronics
2023-01-07,8813,9.45,6,North,Electronics
2023-10-25,9947,3.51,8,North,Clothing
2023-10-01,5078,17.99,4,Central,Electronics
2023-08-07,4104,8.1,10,South,Clothing
2023-10-19,3583,194.3,14,South,Clothing
2023-04-11,3678,19.29,2,Central,Home
2023-05-29,1653,13.52,4,North,Food
2023-01-27,7399,21.12,6,South,Electronics
2023-06-24,9945,10.27,5,East,Clothing
2023-12-18,3354,46.86,4,Central,Clothing
2023-05-20,4778,29.57,2,East,Sports
2023-09-20,1851,9.86,3,North,Food
2023-02-05,9609,40.59,13,Central,Clothing
2023-11-02,3323,18.51,2,East,Clothing
2023-08-05,8741,10.27,8,South,Sports
2023-07-14,9297,117.55,14,West,Home
2023-03-17,4515,40.52,2,North,Home
2023-01-04,9610,4.52,6,North,Food
2023-01-09,6091,46.53,13,East,Electronics
2023-10-23,7816,2.62,14,South,Home
2023-03-03,4463,3.32,9,East,Home
2023-08-13,5571,14.77,6,East,Food
2023-03-25,6711,9.38,14,East,Sports
2023-03-04,6171,2.48,6,West,Sports
2023-10-29,9397,102.92,5,West,Clothing
2023-02-12,1736,17.66,2,Central,Electronics
2023-09-28,4018,18.49,12,South,Home
2023-01-26,3203,9.23,12,South,Food
2023-08-23,1215,127.8,12,East,Food
2023-02-16,7399,24.7,14,East,Electronics
2023-11-14,4998,59.43,8,East,Clothing
2023-05-03,4566,172.41,2,South,Food
2023-02-27,6496,14.47,7,East,Home
2023-01-14,9472,126.15,5,South,Home
2023-01-20,3570,1.25,9,West,Sports
2023-10-08,4752,13.17,1,East,Clothing
2023-08-31,7802,58.97,12,North,Clothing
2023-03-24,5515,4.77,10,North,Clothing
2023-01-28,8358,20.51,4,North,Sports
2023-05-28,1268,39.81,12,North,Clothing
2023-11-27,6610,4.48,11,South,Food
2023-04-03,3885,,10,North,Sports
2023-06-05,6812,28.86,7,East,Food
2023-09-23,5392,9.02,9,South,Home
2023-10-08,2621,110.05,7,South,Home
2023-06-16,5128,15.53,10,East,Food
2023-04-20,1209,4.01,5,South,Electronics
2023-02-13,9375,3.47,3,North,Electronics
2023-08-01,9629,107.93,1,East,Sports
2023-05-07,6066,4.12,6,South,Clothing
2023-10-08,3365,9.79,1,North,Electronics
2023-05-17,5441,173.95,3,East,Home
2023-10-02,8504,5.38,3,North,Clothing
2023-11-22,7166,58.99,2,North,Electronics
2023-03-25,1300,30.23,11,North,Food
2023-11-18,9428,28.71,12,North,Home
2023-12-07,3136,38.85,6,East,Home
2023-10-06,2684,8.95,3,South,Sports
2023-05-02,4275,33.89,14,South,Clothing
2023-07-15,9776,7.1,6,North,Electronics
2023-07-12,9124,13.96,7,North,Clothing
2023-02-18,6828,24.72,4,Central,Electronics
2023-06-26,7135,6.61,8,North,Electronics
2023-05-22,7512,19.68,9,North,Food
2023-08-28,4098,19.55,10,South,Electronics
2023-10-31,2768,5.67,13,West,Clothing
2023-04-27,5941,24.1,1,North,Clothing
2023-07-24,7728,5.45,2,East,Electronics
2023-05-22,6233,43.91,2,East,Food
2023-11-19,7429,90.78,10,Central,Food
2023-07-25,4541,1.15,9,Central,Sports
2023-12-25,4638,41.46,14,East,Food
2023-07-24,1661,8.75,13,South,Electronics
2023-05-23,6871,82.81,9,South,Food
2023-06-02,7234,8.51,13,West,Clothing
2023-02-19,8544,23.59,11,North,Clothing
2023-02-25,2522,123.79,1,West,Home
2023-03-07,7440,2.32,2,East,Electronics
2023-09-03,1843,46.57,11,East,Sports
2023-06-30,5464,30.54,7,North,Clothing
2023-01-24,6611,,6,North,Electronics
2023-02-26,9747,1.86,10,North,Home
2023-08-22,3050,32.44,1,North,Food
2023-06-03,2896,46.95,11,West,Home
2023-06-26,9228,,1,West,Food
2023-01-18,3161,12.29,6,West,Home
2023-08-21,6807,93.04,4,North,Food
2023-10-28,1228,606.19,2,West,Clothing
2023-01-17,8073,64.53,7,North,Food
2023-10-15,9539,7.76,9,East,Home
2023-10-05,4255,44.72,3,North,Electronics
2023-08-19,2622,12.47,5,East,Clothing
2023-07-08,9862,14.09,3,West,Sports
2023-01-18,1140,19.31,2,South,Clothing
2023-06-19,9844,172.12,6,North,Food
2023-10-06,5518,6.64,4,East,Home
2023-06-24,7530,15.66,10,East,Food
2023-04-07,4869,17.57,13,West,Clothing
2023-08-06,5713,21.2,3,Central,Food
2023-03-22,2597,57.85,5,North,Electronics
2023-09-25,4954,75.36,3,North,Home
2023-05-28,1904,87.98,10,West,Clothing
2023-10-18,3386,69.53,8,East,Electronics
2023-12-02,3370,237.63,6,East,Home
2023-10-01,6984,116.32,5,North,Food
2023-01-21,6450,23.34,13,Central,Sports
2023-06-17,5399,21.4,14,West,Electronics
2023-06-26,7695,8.08,2,North,Electronics
2023-12-18,3270,40.5,4,North,Home
2023-05-30,4032,6.53,14,West,Food
2023-10-26,4251,39.24,7,West,Sports
2023-01-16,8190,18.22,4,South,Clothing
2023-04-12,1127,6.45,4,South,Electronics
2023-10-27,8840,36.19,1,Central,Home
2023-03-08,9532,15.64,10,North,Clothing
2023-01-12,7011,4.43,6,North,Clothing
2023-10-22,6083,10.42,11,North,Electronics
2023-08-07,7248,138.8,11,South,Home
2023-06-21,2034,2.99,3,South,Clothing
2023-09-10,8029,23.18,9,East,Home
2023-12-03,9284,13.7,7,West,Clothing
2023-01-08,6901,16.46,1,West,Sports
2023-07-16,8200,2.73,8,Central,Clothing
2023-02-15,9420,19.35,6,South,Home
2023-04-20,3344,116.5,3,North,Electronics
2023-01-02,1825,10.62,1,South,Clothing
2023-03-01,5574,40.11,9,South,Home
2023-11-07,6061,10.06,4,South,Food
2023-01-11,7653,26.75,9,South,Electronics
2023-02-01,4115,12.75,8,West,Sports
2023-12-25,3230,6.62,14,West,Home
2023-10-13,5514,43.85,10,South,Clothing
2023-03-25,8782,24.93,14,South,Home
2023-08-16,9099,22.04,7,North,Sports
2023-01-01,4268,26.61,14,Central,Food
2023-09-05,9185,9.71,4,South,Clothing
2023-08-03,7523,10.55,3,North,Electronics
2023-04-09,1138,180.63,10,West,Clothing
2023-01-12,9241,9.07,8,Central,Clothing
2023-05-23,6776,16.13,7,South,Food
2023-10-30,2266,28.96,14,South,Food
2023-02-07,9661,32.33,13,North,Home
2023-05-11,8053,47.31,9,South,Electronics
2023-06-11,3174,36.14,10,Central,Home
2023-02-10,7746,15.58,6,West,Electronics
2023-12-12,3062,7.08,13,North,Food
2023-04-15,9582,92.29,14,Central,Electronics
2023-01-20,7798,67.26,5,West,Home
2023-08-14,7564,0.84,10,North,Home
2023-05-22,4070,13.02,14,West,Food
2023-09-23,4625,6.55,5,Central,Food
2023-02-01,4344,48.15,12,West,Food
2023-05-27,7668,22.9,14,West,Food
2023-12-07,3968,13.98,6,East,Electronics
2023-02-11,5356,15.93,5,South,Home
2023-05-31,7440,17.69,11,West,Food
2023-02-13,3074,101.4,14,Central,Food
2023-08-09,7274,46.98,6,East,Clothing
2023-06-03,5595,7.85,1,East,Electronics
2023-06-14,8417,12.05,5,East,Home
2023-06-27,7083,20.2,10,West,Sports
2023-08-05,3412,3.19,4,South,Sports
2023-03-17,9067,16.84,10,East,Sports
2023-12-18,1071,101.86,13,East,Home
2023-09-13,4026,231.6,4,East,Home
2023-08-16,9901,57.58,7,East,Clothing
2023-10-24,6277,2.93,5,South,Food
2023-05-09,6027,23.21,4,North,Food
2023-06-23,7071,224.93,4,South,Electronics
2023-08-23,8005,22.63,7,West,Home
2023-02-15,3244,61.74,12,Central,Electronics
2023-11-17,2150,1.66,9,North,Clothing
2023-11-08,3366,90.98,5,East,Clothing
2023-10-19,1778,35.8,11,East,Clothing
2023-05-18,3594,4.55,6,North,Electronics
2023-03-08,9487,66.6,7,Central,Food
2023-06-19,3228,22.94,6,South,Home
2023-05-19,2064,151.94,4,East,Clothing
2023-06-08,7581,5.45,7,East,Electronics
2023-01-18,2715,11.83,2,West,Home
2023-08-08,8061,40.55,14,North,Electronics
2023-05-03,7779,2.06,10,East,Food
2023-05-01,5512,14.25,6,Central,Sports
2023-10-15,5138,42.76,13,North,Food
2023-12-18,3701,36.75,10,North,Sports
2023-10-03,1325,5.05,14,East,Electronics
2023-03-16,5158,24.25,4,North,Home
2023-03-25,3677,70.45,2,North,Sports
2023-07-13,4971,49.83,9,South,Food
2023-09-08,1041,22.75,12,West,Electronics
2023-09-20,4436,15.87,10,North,Electronics
2023-06-13,4021,9.39,4,North,Clothing
2023-02-20,4872,3.4,13,East,Electronics
2023-07-30,9029,8.13,6,East,Clothing
2023-01-26,4608,22.55,8,North,Electronics
2023-02-27,3665,43.61,12,North,Home
2023-02-23,8440,31.26,8,North,Food
2023-06-04,7545,82.64,14,North,Clothing
2023-12-06,6767,135.64,6,Central,Sports
2023-12-24,2629,3.93,8,South,Electronics
2023-09-09,4928,21.88,4,North,Sports
2023-04-06,2858,33.06,1,North,Home
2023-05-15,6660,2.15,8,South,Electronics
2023-03-05,9193,14.97,3,Central,Home
2023-08-18,6841,89.83,7,Central,Clothing
2023-07-31,3275,21.18,1,North,Sports
2023-01-10,7667,27.94,2,East,Electronics
2023-05-10,2068,29.85,12,North,Clothing
2023-07-11,8592,34.38,8,North,Clothing
2023-12-05,3985,42.8,5,North,Clothing
2023-01-12,9467,80.36,12,South,Clothing
2023-07-09,6234,24.01,7,North,Clothing
2023-08-14,5728,205.31,12,West,Sports
2023-08-02,8665,25.9,3,East,Home
2023-12-26,9676,13.23,13,North,Food
2023-03-10,7891,3.41,13,West,Electronics
2023-06-27,1450,9.19,6,Central,Food
2023-05-06,3623,50.1,5,Central,Food
2023-12-06,5233,11.0,1,Central,Clothing
2023-04-21,3288,9.82,13,East,Sports
2023-08-14,6731,29.16,3,South,Electronics
2023-11-03,1847,10.67,1,South,Home
2023-07-14,8490,,10,East,Food
2023-10-15,7710,9.02,3,North,Home
2023-11-14,5519,184.39,11,Central,Food
2023-09-27,5353,13.63,10,Central,Home
2023-09-25,9349,26.17,4,Central,Home
2023-09-23,5272,138.8,3,North,Home
2023-09-11,7372,4.12,7,North,Home
2023-07-29,6414,59.66,11,South,Electronics
2023-11-11,6224,278.53,12,East,Electronics
2023-05-13,4878,6.86,6,West,Home
2023-09-05,1435,25.12,8,East,Home
2023-06-16,2832,17.18,12,North,Home
2023-02-09,2433,16.7,9,South,Home
2023-05-14,6167,,8,West,Home
2023-09-15,5415,5.75,1,East,Food
2023-12-16,7730,,6,West,Clothing
2023-10-02,5826,14.7,9,South,Food
2023-09-03,2664,7.43,12,North,Food
2023-01-09,3086,14.58,6,West,Clothing
2023-01-02,3068,8.68,9,North,Home
2023-01-14,9554,50.14,6,East,Food
2023-06-07,5347,21.86,4,East,Home
2023-06-18,9592,8.96,9,South,Electronics
2023-02-27,7904,35.6,4,South,Sports
2023-04-29,3474,109.72,9,North,Sports
2023-02-19,3895,6.55,12,North,Home
2023-10-04,4725,1.85,8,East,Food
2023-08-15,2163,87.32,1,East,Clothing
2023-02-20,9067,1.89,14,East,Sports
2023-05-22,9089,129.92,8,East,Sports
2023-09-11,8842,26.04,8,North,Home
2023-05-11,7239,7.96,7,North,Sports
2023-03-05,6460,12.04,12,West,Food
2023-12-15,3587,18.73,8,East,Electronics
2023-05-08,7200,1.25,4,North,Food
2023-04-20,4373,44.7,1,South,Clothing
2023-08-24,5590,14.94,13,South,Sports
2023-07-06,9465,39.93,8,North,Food
2023-09-11,8498,1.38,9,South,Home
2023-06-11,9638,101.38,2,South,Clothing
2023-08-23,1271,0.71,5,Central,Electronics
2023-09-02,8903,10.79,3,North,Sports
2023-01-28,3664,31.48,2,West,Home
2023-02-11,2949,1.86,13,Central,Clothing
2023-09-06,5416,40.69,3,North,Home
2023-12-13,2291,134.01,9,East,Sports
2023-10-24,3998,20.87,4,South,Home
2023-11-17,9863,13.54,9,West,Home
2023-12-25,2244,23.7,7,North,Clothing
2023-11-02,9073,6.03,9,South,Home
2023-07-28,4912,20.56,3,North,Food
2023-06-07,2945,14.24,14,West,Clothing
2023-07-02,8567,45.69,3,Central,Food
2023-04-27,7366,1.77,6,North,Food
2023-05-27,7549,18.2,4,Central,Clothing
2023-01-04,4180,8.05,7,West,Food
2023-02-04,3750,12.25,4,South,Home
2023-02-06,5616,16.67,4,West,Electronics
2023-02-15,5400,16.28,10,West,Electronics
2023-03-14,5093,165.36,2,East,Sports
2023-09-30,5116,51.35,14,South,Food
2023-01-03,5764,85.54,11,East,Clothing
2023-08-26,5341,0.86,5,North,Sports
2023-12-09,3390,23.43,7,East,Home
2023-07-19,2094,9.86,2,East,Food
2023-01-25,3495,4.31,2,East,Clothing
2023-11-06,4155,33.97,13,Central,Home
2023-12-03,5950,32.61,4,South,Electronics
2023-02-16,6785,19.52,7,North,Electronics
2023-09-11,3362,64.79,2,North,Clothing
2023-02-11,3701,15.55,2,North,Electronics
2023-12-22,1409,41.67,12,North,Food
2023-05-16,4049,17.5,5,North,Home
2023-03-16,3135,12.55,14,South,Sports
2023-05-19,3403,92.3,7,South,Electronics
2023-03-13,5621,58.15,2,West,Electronics
2023-06-05,7326,25.32,5,Central,Home
2023-05-26,6306,9.13,3,North,Clothing
2023-07-05,2236,8.05,14,West,Electronics
2023-04-26,4201,12.2,1,Central,Electronics
2023-05-17,1995,40.45,8,Central,Home
2023-06-19,2914,2.88,13,West,Sports
2023-12-14,2692,48.43,7,North,Clothing
2023-07-16,8896,3.11,1,Central,Clothing
2023-11-24,9373,19.31,14,Central,Home
2023-09-29,6248,12.98,10,Central,Food
2023-04-13,7148,77.18,12,South,Home
2023-03-17,9103,12.43,6,North,Electronics
2023-12-15,6953,12.65,2,West,Sports
2023-10-15,4257,7.33,4,East,Home
2023-04-12,3518,8.84,1,West,Sports
2023-12-02,3264,2.36,11,East,Electronics
2023-03-31,9306,30.61,2,Central,Electronics
2023-12-08,9115,3.61,6,North,Clothing
2023-06-10,9961,7.63,12,Central,Clothing
2023-07-29,4263,61.62,2,North,Food
2023-06-18,3982,166.99,10,Central,Clothing
2023-01-27,3199,39.71,3,West,Clothing
2023-01-17,7517,1.01,10,North,Electronics
2023-11-29,8163,13.65,10,South,Clothing
2023-01-11,8311,17.34,1,North,Home
2023-02-22,9423,10.86,13,Central,Food
2023-08-21,2664,102.72,8,Central,Clothing
2023-06-16,1833,13.31,14,Central,Sports
2023-04-12,5203,34.99,7,East,Home
2023-02-17,1360,5.19,12,East,Home
2023-02-10,8270,55.47,11,West,Clothing
2023-12-31,4946,21.94,9,West,Electronics
2023-05-02,1485,18.98,11,South,Electronics
2023-08-05,4701,6.29,7,South,Sports
2023-12-25,9758,10.16,1,North,Home
2023-04-12,2740,5.01,11,East,Electronics
2023-09-05,6187,66.1,3,North,Electronics
2023-11-15,6976,27.16,9,West,Clothing
2023-06-08,3138,5.7,4,West,Sports
2023-11-10,6713,3.72,1,Central,Clothing
2023-06-29,7492,6.23,5,North,Electronics
2023-03-21,2048,34.34,11,West,Clothing
2023-08-29,8042,44.23,7,East,Clothing
2023-10-14,3994,3.12,6,West,Food
2023-08-25,2827,24.0,13,North,Electronics
2023-12-15,1232,56.31,13,Central,Sports
2023-11-14,6939,45.83,7,West,Food
2023-12-22,7572,24.63,2,East,Sports
2023-03-28,5565,14.61,11,East,Sports
2023-06-13,6168,30.44,9,East,Clothing
2023-06-24,7837,13.91,6,North,Food
2023-09-01,7261,216.64,8,North,Clothing
2023-10-27,9643,7.24,6,South,Sports
2023-09-16,1980,50.45,5,West,Food
2023-01-21,7741,8.82,2,Central,Home
2023-01-11,8634,20.18,2,Central,Clothing
2023-08-21,8249,47.42,14,South,Electronics
2023-09-10,7725,,6,North,Home
2023-10-10,8799,2.71,11,South,Home
2023-12-25,9155,33.81,1,South,Home
2023-10-06,4119,2.83,9,South,Home
2023-09-21,8344,88.89,5,West,Electronics
2023-08-24,5076,16.67,2,Central,Food
2023-08-04,6254,23.53,5,North,Home
2023-08-01,6971,167.54,4,South,Electronics
2023-09-30,1428,28.4,10,North,Home
2023-06-13,7706,40.23,5,North,Home
2023-06-29,1239,33.25,6,South,Clothing
2023-06-27,5090,54.58,7,Central,Sports
2023-08-09,6249,39.36,13,North,Electronics
2023-01-03,9754,8.26,7,North,Home
2023-11-27,4858,12.73,9,East,Electronics
2023-02-22,9100,15.51,13,South,Electronics
2023-08-16,1805,9.08,10,North,Food
2023-08-24,8993,34.39,1,West,Food
2023-01-22,2843,18.36,14,North,Food
2023-12-25,2487,16.18,14,West,Sports
2023-07-13,4077,41.22,4,North,Electronics
2023-01-31,9735,61.27,7,Central,Electronics
2023-07-02,2142,58.38,13,North,Food
2023-05-10,6781,1.66,2,West,Electronics
2023-05-22,6902,19.45,10,South,Electronics
2023-01-06,5544,1.4,7,Central,Clothing
2023-07-30,9971,19.77,4,West,Electronics
2023-07-05,8201,21.01,9,Central,Home
2023-12-04,7785,5.66,3,East,Electronics
2023-04-03,4103,49.4,14,North,Clothing
2023-04-04,2902,67.82,2,North,Clothing
2023-05-06,9433,33.45,1,South,Clothing
2023-05-25,8443,5.32,13,West,Food
2023-10-17,5166,,6,South,Food
2023-05-11,3031,36.49,4,East,Food
2023-08-19,6218,313.61,11,North,Home
2023-07-18,5311,102.13,13,West,Electronics
2023-11-22,5061,30.99,14,North,Food
2023-03-26,8359,41.79,1,Central,Food
2023-06-07,5904,,14,North,Sports
2023-07-18,2776,224.71,6,West,Electronics
2023-10-31,4925,13.85,13,East,Home
2023-07-19,3671,28.24,6,South,Home
2023-07-19,9533,8.85,8,East,Food
2023-01-25,3686,17.83,8,East,Clothing
2023-05-06,4899,32.08,8,Central,Electronics
2023-03-04,2954,27.52,10,West,Food
2023-03-31,5809,7.06,14,East,Sports
2023-09-28,4067,7.92,8,East,Food
2023-09-13,7310,2.09,3,West,Food
2023-04-15,1867,9.21,13,East,Food
2023-01-29,9166,11.4,2,South,Sports
2023-04-16,8622,8.84,10,East,Electronics
2023-02-12,9263,79.25,8,West,Home
2023-11-21,6410,2.38,8,Central,Food
2023-01-13,8907,49.98,10,East,Sports
2023-06-22,9824,32.63,14,East,Sports
2023-06-18,9974,0.91,6,North,Sports
2023-09-17,6907,25.59,13,South,Sports
2023-05-20,8867,48.72,11,East,Home
2023-07-23,9950,9.41,5,North,Sports
2023-03-28,2664,9.0,14,West,Clothing
2023-04-21,4784,2.09,6,East,Clothing
2023-10-21,5759,1.85,11,West,Food
2023-03-13,2935,21.97,8,East,Clothing
2023-09-11,4592,7.48,11,West,Sports
2023-10-13,3811,28.98,2,Central,Sports
2023-05-22,6194,21.31,10,North,Electronics
2023-07-19,1272,60.09,7,South,Home
2023-06-21,5305,148.59,11,West,Clothing
2023-10-06,9768,4.01,11,East,Electronics
2023-11-07,9446,11.58,13,North,Clothing
2023-10-23,5383,3.63,13,North,Electronics
2023-08-26,2381,19.55,14,South,Home
2023-12-10,9303,22.35,3,West,Food
2023-02-13,9948,1.03,9,West,Electronics
2023-11-27,4662,132.17,9,West,Clothing
2023-09-25,7363,,10,Central,Home
2023-12-05,7643,187.67,5,East,Food
2023-06-11,9411,2.82,2,North,Food
2023-09-19,2236,40.51,10,North,Home
2023-10-23,5868,,11,East,Food
2023-07-04,1655,5.16,14,Central,Clothing
2023-02-11,6198,219.72,10,Central,Clothing
2023-03-14,4494,12.07,5,Central,Food
2023-07-05,2529,4.47,4,West,Sports
2023-02-02,5790,30.52,11,West,Sports
2023-02-13,8856,3.87,14,North,Electronics
2023-12-10,4180,47.62,8,West,Home
2023-10-16,5984,24.9,5,North,Electronics
2023-05-14,8848,13.78,11,South,Clothing
2023-04-16,3848,5.13,4,North,Home
2023-09-26,5502,22.3,5,West,Clothing
2023-07-08,5274,4.06,12,East,Food
2023-09-30,7673,117.45,8,North,Sports
2023-05-26,7106,23.78,7,West,Food
2023-02-27,4758,19.93,8,West,Electronics
2023-07-13,2675,95.24,7,Central,Food
2023-10-30,3834,20.18,4,East,Food
2023-12-11,9142,12.95,11,West,Electronics
2023-06-18,1618,24.24,2,North,Electronics
2023-11-01,8873,48.14,8,Central,Home
2023-04-20,3178,81.33,8,Central,Food
2023-11-25,8624,6.61,6,North,Home
2023-08-12,6306,4.29,4,West,Clothing
2023-01-24,2028,18.03,6,West,Electronics
2023-04-10,3267,15.66,5,South,Sports
2023-06-11,4310,15.65,6,North,Sports
2023-11-23,6266,30.15,1,West,Electronics
2023-07-08,2053,87.26,3,East,Electronics
2023-10-23,8862,70.37,1,Central,Sports
2023-10-04,3679,,8,South,Home
2023-02-08,5159,4.06,3,East,Electronics
2023-12-07,8130,16.59,5,Central,Sports
2023-06-29,2603,97.98,8,East,Food
2023-04-05,1918,17.24,4,East,Food
2023-06-03,6076,7.14,6,West,Home
2023-11-16,7361,54.48,2,North,Home
2023-08-23,1044,,13,North,Home
2023-12-16,4120,111.46,3,North,Sports
2023-05-27,6562,1.92,5,West,Sports
2023-01-26,9184,10.49,12,Central,Electronics
2023-04-15,3204,22.92,8,Central,Electronics
2023-07-15,8121,11.67,14,West,Food
2023-06-13,1225,42.93,13,North,Food
2023-05-31,2456,16.76,9,Central,Clothing
2023-01-19,7215,,3,East,Electronics
2023-11-24,6055,51.96,6,North,Home
2023-07-12,4205,32.33,4,South,Home
2023-10-26,2264,40.35,4,Central,Clothing
2023-04-10,3198,8.94,6,East,Clothing
2023-04-08,4796,13.93,6,Central,Electronics
2023-10-24,3276,4.09,13,North,Sports
2023-10-14,9321,2.63,14,East,Food
2023-03-01,5787,16.3,2,South,Electronics
2023-09-15,4310,5.57,10,South,Clothing
2023-10-23,1118,201.46,8,Central,Home
2023-08-23,2820,17.07,11,North,Food
2023-04-06,4595,65.46,14,East,Electronics
2023-10-18,1039,33.66,12,West,Clothing
2023-03-08,3703,43.41,11,South,Electronics
2023-03-13,1344,55.9,12,East,Food
2023-12-20,1787,3.84,8,South,Food
2023-12-04,7788,8.2,9,South,Home
2023-01-31,5966,111.27,13,West,Clothing
2023-05-08,3330,12.97,3,West,Food
2023-01-29,8023,10.51,4,West,Home
2023-08-02,3193,6.31,3,Central,Electronics
2023-08-15,3101,96.07,5,South,Home
2023-02-18,9700,30.01,3,South,Sports
2023-12-10,7164,41.49,2,North,Sports
2023-05-22,1354,12.21,13,Central,Sports
2023-07-23,6671,76.39,14,North,Food
2023-12-19,4575,11.35,7,Central,Food
2023-01-10,9194,20.61,2,North,Home
2023-07-15,5592,7.13,10,West,Clothing
2023-04-26,2627,4.98,9,Central,Home
2023-10-29,5877,12.5,8,South,Food
2023-12-02,8974,13.34,11,North,Home
2023-06-11,2866,53.39,4,West,Clothing
2023-09-19,2940,14.73,1,South,Electronics
2023-09-12,9508,41.01,9,Central,Clothing
2023-07-01,5583,5.45,11,Central,Food
2023-03-16,1988,30.36,12,South,Electronics
2023-10-05,4255,7.38,7,South,Home
2023-04-05,7108,69.5,13,South,Clothing
2023-03-14,4103,34.91,2,South,Food
2023-01-25,7096,37.34,1,South,Electronics
2023-11-16,8713,89.35,2,West,Clothing
2023-09-11,4829,8.56,5,West,Clothing
2023-04-13,7164,37.56,6,North,Sports
2023-10-22,5601,8.23,7,South,Clothing
2023-02-20,6383,34.64,13,South,Home
2023-08-21,9483,25.4,6,East,Electronics
2023-03-13,9699,63.14,13,North,Food
2023-08-07,5613,6.04,6,South,Sports
2023-06-25,9208,7.62,9,South,Food
2023-09-26,2226,27.3,13,South,Sports
2023-12-04,5816,94.61,12,North,Clothing
2023-12-01,1357,7.29,2,West,Food
2023-05-17,4789,6.93,9,Central,Electronics
2023-12-08,9341,3.75,12,North,Clothing
2023-03-02,4306,15.52,4,East,Food
2023-11-20,2930,7.56,1,East,Electronics
2023-09-30,7202,107.14,4,South,Electronics
2023-03-07,8802,,12,South,Clothing
2023-02-28,2449,20.63,10,South,Sports
2023-02-26,6489,40.18,9,North,Food
2023-11-14,3333,74.0,11,Central,Electronics
2023-01-27,7394,10.46,9,North,Clothing
2023-01-26,7915,31.81,6,Central,Clothing
2023-10-15,8225,27.61,13,South,Food
2023-07-15,2155,17.65,9,West,Home
2023-03-27,7133,62.22,2,North,Electronics
2023-03-26,6272,13.03,14,North,Sports
2023-04-30,5042,15.34,13,South,Clothing
2023-11-27,6121,11.51,11,West,Clothing
2023-01-24,8077,5.25,9,South,Clothing
2023-03-28,1592,43.63,5,West,Clothing
2023-09-14,6098,19.89,2,North,Electronics
2023-01-10,7554,113.06,1,East,Electronics
2023-02-20,4538,40.43,12,Central,Clothing
2023-04-28,5313,24.13,2,Central,Home
2023-04-01,7774,24.55,3,Central,Food
2023-04-04,3077,44.89,9,East,Home
2023-02-16,8071,16.25,11,Central,Electronics
2023-04-25,3204,136.65,2,North,Clothing
2023-09-03,9862,6.22,1,East,Clothing
2023-08-14,2082,23.42,6,Central,Clothing
2023-07-19,7442,89.32,2,South,Sports
2023-06-27,7947,65.19,6,South,Electronics
2023-09-12,3840,4.69,1,West,Electronics
2023-11-17,6777,13.55,5,West,Sports
2023-07-08,9069,1.2,6,West,Clothing
2023-03-03,1091,3.97,4,West,Sports
2023-10-11,1614,26.66,2,South,Electronics
2023-11-04,3917,12.34,4,North,Electronics
2023-04-10,6601,167.1,7,South,Food
2023-08-05,8930,6.93,12,East,Clothing
2023-06-04,8865,8.39,8,West,Home
2023-03-16,1522,29.33,1,Central,Home
2023-01-08,5285,25.59,7,West,Clothing
2023-09-27,3756,6.23,1,South,Home
2023-04-21,5260,9.75,8,North,Electronics
2023-08-19,9538,5.43,2,West,Clothing
2023-10-02,3263,3.81,9,West,Electronics
2023-12-23,4963,19.49,7,Central,Electronics
2023-12-13,2501,39.1,7,West,Clothing
2023-05-08,4344,31.96,11,North,Home
2023-11-24,9648,28.87,9,North,Electronics
2023-07-23,7365,17.53,13,Central,Home
2023-10-30,1201,10.24,6,South,Electronics
2023-09-27,4805,76.28,8,West,Home
2023-03-26,9881,2.11,9,South,Food
2023-07-12,8678,32.48,7,North,Sports
2023-06-20,6834,7.58,14,South,Food
2023-08-02,4323,106.83,14,Central,Sports
2023-05-17,1585,18.95,13,North,Home
2023-06-21,5069,16.0,10,North,Electronics
2023-08-15,9303,6.24,9,North,Electronics
2023-01-05,1717,87.08,3,North,Clothing
2023-12-31,9118,27.86,11,East,Electronics
2023-10-30,3539,20.66,4,West,Food
2023-10-06,7834,10.31,2,West,Clothing
2023-12-19,5446,91.92,4,North,Clothing
2023-09-14,1982,,1,North,Food
2023-11-04,1523,18.35,13,West,Electronics
2023-01-10,3389,10.98,1,North,Sports
2023-12-09,4736,57.3,2,Central,Clothing
2023-03-25,9146,7.5,5,West,Electronics
2023-11-20,5661,53.96,6,North,Food
2023-08-01,7709,2.52,6,East,Home
2023-12-13,8489,11.12,4,North,Home
2023-11-13,7073,10.25,1,North,Electronics
2023-04-26,7586,2.67,5,East,Clothing
2023-07-17,3969,12.39,13,South,Clothing
2023-12-15,5896,23.25,4,East,Sports
2023-09-09,2924,11.35,10,Central,Food
2023-11-06,5215,83.4,2,East,Home
2023-07-29,7011,26.08,12,East,Electronics
2023-06-13,7073,121.93,5,West,Sports
2023-05-01,2493,48.59,4,South,Clothing
2023-12-29,2476,10.61,5,East,Clothing
2023-12-22,1555,270.36,9,South,Clothing
2023-09-17,6897,6.06,3,West,Electronics
2023-12-31,7159,120.8,7,South,Food
2023-08-30,6737,11.2,8,South,Food
2023-06-11,9525,71.75,7,North,Clothing
2023-02-04,5354,53.83,11,West,Home
2023-07-28,7731,21.15,1,West,Electronics
2023-08-31,5299,28.7,3,Central,Food
2023-10-10,3985,64.13,8,Central,Home
2023-12-02,5094,95.65,4,North,Food
2023-02-23,8898,10.2,2,South,Food
2023-05-27,4479,5.78,12,North,Food
2023-10-27,5240,76.41,13,North,Clothing
2023-11-10,6011,47.77,2,West,Sports
2023-08-10,2453,48.99,6,South,Electronics
2023-10-31,2166,56.66,9,West,Food
2023-10-11,4558,173.61,1,Central,Sports
2023-10-08,5143,14.14,5,West,Food
2023-08-24,8839,24.32,8,North,Clothing
2023-05-10,8697,21.29,12,North,Food
2023-05-17,9010,12.16,1,East,Electronics
2023-08-28,4190,81.25,10,Central,Electronics
2023-06-02,9457,10.94,7,Central,Electronics
2023-03-02,6402,13.1,7,Central,Electronics
2023-05-12,2557,18.54,9,East,Electronics
2023-07-23,6877,22.04,11,East,Food
2023-09-04,6037,14.89,9,North,Sports
2023-06-24,3152,29.13,3,North,Home
2023-11-08,7999,19.69,9,East,Clothing
2023-04-10,2451,98.98,12,North,Food
2023-06-09,3239,2.55,10,Central,Clothing
2023-06-04,4061,1.27,8,West,Food
2023-02-03,5657,12.9,9,North,Electronics
2023-11-08,3207,63.01,7,East,Food
2023-02-18,2719,10.46,14,South,Electronics
2023-03-23,4940,2.52,7,Central,Electronics
2023-11-28,1547,31.0,12,East,Home
2023-11-20,1539,18.37,10,South,Clothing
2023-04-16,5902,5.85,6,North,Electronics
2023-01-15,7088,17.15,9,Central,Sports
2023-08-29,4858,42.45,11,North,Clothing
2023-03-25,5800,1.02,4,North,Food
2023-07-17,8692,12.73,12,West,Food
2023-10-26,7518,11.17,8,West,Home
2023-03-16,9347,83.18,5,South,Electronics
2023-07-06,9842,48.96,13,East,Clothing
2023-06-21,9558,27.93,7,West,Clothing
2023-05-06,9890,17.95,6,West,Clothing
2023-08-03,9679,19.4,2,North,Home
2023-07-08,9032,7.61,10,East,Home
2023-02-19,8074,12.62,10,South,Electronics
2023-05-29,4561,243.81,2,North,Sports
2023-01-18,9463,26.98,11,North,Home
2023-12-23,2100,3.42,12,Central,Food
2023-05-16,6839,1.78,7,South,Clothing
2023-07-12,4536,12.4,7,North,Electronics
2023-06-03,9510,19.87,7,South,Sports
2023-05-15,1862,95.95,5,West,Home
2023-10-16,3154,114.43,2,South,Clothing
2023-07-12,3547,57.47,12,South,Electronics
2023-08-03,8386,44.34,5,West,Food
2023-03-10,2883,26.17,8,South,Electronics
2023-05-21,3436,27.9,7,East,Sports
2023-07-13,8100,120.29,10,North,Home
2023-08-20,1298,6.73,1,North,Clothing
2023-02-16,2983,6.54,11,North,Clothing
2023-05-08,4141,15.81,4,South,Food
2023-03-23,9797,28.61,13,South,Electronics
2023-07-24,3600,59.94,11,Central,Food
2023-05-20,6460,34.18,7,Central,Electronics
2023-08-28,8801,54.54,8,South,Home
2023-05-27,7966,19.05,12,East,Electronics
2023-04-16,4564,13.38,11,North,Food
2023-04-14,9111,28.59,1,East,Clothing
2023-10-06,5334,5.58,1,East,Home
2023-05-31,7909,1.68,14,South,Food
2023-10-10,3178,74.07,9,South,Food
2023-12-17,9114,22.45,3,East,Food
2023-12-25,1392,5.89,9,East,Sports
2023-04-06,5200,3.29,4,West,Clothing
2023-03-17,7431,26.97,8,Central,Home
2023-09-03,9428,61.88,4,West,Food
2023-11-02,3413,48.09,3,South,Clothing
2023-08-20,2210,3.2,9,East,Electronics
2023-07-01,7705,77.22,1,North,Sports
2023-02-28,8019,,4,North,Food
2023-12-15,2872,2.03,4,North,Electronics
2023-10-27,3252,38.67,3,North,Electronics
2023-07-22,1839,3.08,14,West,Home
2023-10-09,6113,,9,East,Food
2023-09-04,3559,22.7,14,South,Clothing
2023-12-06,2839,6.15,5,East,Sports
2023-03-01,7134,69.46,12,East,Home
2023-10-26,4480,71.8,1,South,Sports
2023-04-24,1895,7.61,12,North,Clothing
2023-07-23,8664,20.43,6,Central,Clothing
2023-06-27,9354,8.74,2,Central,Food
2023-07-31,6555,10.4,4,West,Home
2023-08-30,2032,32.91,5,North,Home
2023-09-25,5617,7.92,4,East,Food
2023-08-23,1683,23.46,10,South,Sports
2023-07-23,2217,3.02,14,West,Food
2023-04-24,9958,7.8,6,North,Home
2023-11-21,7799,38.15,1,East,Electronics
2023-05-23,7065,231.93,6,East,Electronics
2023-10-09,2708,14.22,10,North,Food
2023-08-11,3758,5.71,1,Central,Electronics
2023-03-24,1277,32.05,6,South,Electronics
2023-02-12,1355,7.93,12,North,Home
2023-05-22,9494,10.51,1,Central,Electronics
2023-12-07,8607,15.92,6,East,Food
2023-07-16,4100,108.71,14,Central,Clothing
2023-03-24,9290,54.23,8,South,Electronics
2023-08-29,4359,14.87,12,West,Sports
2023-03-16,8072,38.14,13,East,Clothing
2023-11-16,8537,26.19,1,East,Clothing
2023-06-14,5302,3.65,4,Central,Sports
2023-09-16,2001,49.23,3,West,Food
2023-08-29,8651,5.51,13,West,Food
2023-07-03,1470,19.21,5,South,Sports
2023-07-14,3164,29.96,3,Central,Sports
2023-12-24,8766,13.85,12,West,Food
2023-10-17,8732,47.35,14,West,Electronics
2023-07-01,8593,58.57,2,North,Electronics
2023-02-28,7428,14.53,1,North,Electronics
2023-06-22,6404,41.01,9,North,Electronics
2023-05-28,1375,17.85,9,North,Food
2023-06-30,9334,10.58,9,North,Home
2023-04-11,2394,17.54,11,Central,Clothing
2023-10-19,7141,26.89,4,East,Electronics
2023-02-13,7349,22.99,2,East,Sports
2023-10-10,8167,1.79,14,East,Sports
2023-08-25,7102,39.9,13,West,Sports
2023-04-21,2630,24.23,11,West,Electronics
2023-02-27,7045,36.49,8,Central,Electronics
2023-01-14,7523,4.19,4,West,Sports
2023-03-04,7764,7.15,11,East,Food
2023-06-29,5047,116.37,3,West,Sports
2023-10-16,9803,46.58,12,North,Electronics
2023-05-23,6737,3.64,10,East,Home
2023-04-14,9227,4.14,12,North,Home
2023-08-05,1065,2.86,12,South,Clothing
2023-08-30,3545,51.13,2,East,Home
2023-04-28,4386,95.67,2,North,Sports
2023-09-05,1011,14.67,12,Central,Clothing
2023-01-24,2564,33.46,12,North,Food
2023-03-02,1040,10.07,10,South,Electronics
2023-11-23,2830,36.21,3,South,Electronics
2023-09-03,7723,24.87,2,South,Clothing
2023-09-10,8694,13.45,3,South,Food
2023-08-25,7623,1.49,1,Central,Home
2023-04-24,3071,11.78,4,South,Home
2023-09-29,3933,111.29,13,North,Home
2023-02-27,8646,9.64,11,West,Clothing
2023-02-20,8198,61.0,8,North,Sports
2023-02-15,7672,20.88,9,South,Clothing
2023-12-08,9397,36.41,6,South,Home
2023-07-22,2924,11.63,2,Central,Sports
2023-04-09,2156,14.81,10,North,Sports
2023-05-31,7012,1.68,4,North,Food
2023-06-04,7192,15.01,4,East,Clothing
2023-01-31,9040,24.06,8,North,Electronics
2023-02-05,3674,37.3,8,South,Sports
2023-04-03,5306,24.47,14,East,Sports
2023-02-14,3466,49.76,14,South,Clothing
2023-02-16,2495,25.81,5,East,Sports
2023-02-14,6627,5.61,5,East,Electronics
2023-06-24,8952,22.96,5,East,Sports
2023-08-09,2795,10.97,1,West,Electronics
2023-07-19,6133,7.46,1,North,Sports
2023-05-10,2511,8.11,11,South,Clothing
2023-06-12,1302,71.59,10,South,Electronics
2023-08-17,7412,5.02,2,East,Electronics
2023-10-24,9674,97.5,13,South,Food
2023-04-16,4416,73.37,9,South,Clothing
2023-09-24,2132,247.89,8,North,Food
2023-11-20,1727,8.39,14,South,Food
2023-03-04,4278,6.69,10,Central,Food
2023-01-10,8293,62.52,6,North,Clothing
2023-01-16,6152,369.46,6,North,Home
2023-07-02,7427,150.41,13,North,Electronics
2023-10-06,1526,9.21,1,West,Electronics
2023-11-16,5878,34.78,7,South,Sports
2023-06-18,5144,16.86,1,West,Clothing
2023-01-13,5016,22.07,10,Central,Sports
2023-05-23,4975,18.56,11,Central,Sports
2023-09-10,8655,9.32,7,East,Food
2023-06-11,9879,69.77,10,North,Clothing
2023-11-14,4817,48.82,4,East,Food
2023-08-11,7259,7.7,6,South,Food
2023-10-05,8741,5.61,1,West,Home
2023-03-26,5148,38.72,3,North,Home
2023-06-06,7052,102.1,8,North,Food
2023-10-30,2488,21.46,11,Central,Home
2023-08-31,6920,86.75,9,North,Food
2023-03-27,9050,80.84,11,North,Home
2023-04-20,5777,83.77,5,Central,Sports
2023-08-26,7669,20.26,2,East,Electronics
2023-10-17,6968,71.51,13,West,Clothing
2023-09-30,3998,65.04,4,West,Electronics
2023-10-20,8717,55.47,8,East,Electronics
2023-05-23,1284,35.45,7,East,Electronics
2023-06-03,7524,52.03,3,South,Clothing
2023-12-31,6320,27.9,5,East,Clothing
2023-08-16,7053,70.07,9,West,Electronics
2023-01-02,1620,81.97,5,South,Sports
2023-12-18,7228,29.31,13,East,Sports
2023-07-07,5273,40.71,3,North,Electronics
2023-08-19,8596,340.86,14,Central,Electronics
2023-10-01,2796,26.97,11,East,Home
2023-07-14,6511,5.18,8,East,Home
2023-01-18,1262,143.83,14,East,Sports
2023-03-20,3516,8.82,6,East,Electronics
2023-06-26,4003,113.99,3,Central,Clothing
2023-09-28,5135,14.05,11,North,Food
2023-01-28,3415,23.1,5,Central,Home
2023-10-02,2857,286.47,11,East,Food
2023-06-01,7898,18.48,9,South,Food
2023-07-17,7669,94.51,4,South,Electronics
2023-12-07,8221,68.65,2,West,Food
2023-01-08,9079,12.63,11,East,Food
2023-12-24,7778,116.33,4,Central,Food
2023-07-31,3388,73.47,12,East,Electronics
2023-04-16,6825,36.66,9,Central,Electronics
2023-10-31,1684,140.01,5,West,Electronics
2023-09-21,6583,89.43,14,Central,Clothing
2023-06-08,4215,18.8,2,Central,Food
2023-05-21,7548,7.41,4,East,Electronics
2023-02-07,2241,11.87,9,North,Clothing
2023-08-23,5194,16.95,13,South,Home
2023-05-28,9220,112.75,3,South,Electronics
2023-06-18,8250,13.72,11,East,Food
2023-03-07,5595,13.37,9,Central,Electronics
2023-06-07,7460,10.36,1,East,Food
2023-12-23,5699,81.19,2,South,Sports
2023-12-11,9597,14.9,6,South,Home
2023-08-20,8720,11.9,7,North,Sports
2023-08-18,5257,1.7,12,South,Food
2023-08-11,1286,72.5,6,North,Sports
2023-12-29,4264,6.82,13,East,Clothing
2023-04-29,6497,81.58,1,East,Sports
2023-07-08,1652,25.05,5,North,Clothing
2023-12-21,2590,5.86,12,Central,Clothing
2023-01-19,3248,27.57,8,South,Clothing
2023-01-02,4175,68.52,4,East,Sports
2023-02-04,9433,5.17,9,West,Home
2023-11-27,7143,13.05,4,East,Clothing
2023-10-02,1831,0.44,3,South,Food
2023-04-05,1202,8.39,8,West,Home
2023-11-07,6976,139.47,3,South,Electronics
2023-11-07,5686,9.12,13,Central,Electronics
2023-10-31,5999,10.8,7,West,Electronics
2023-07-24,4783,35.11,2,North,Electronics
2023-07-07,4370,77.07,10,East,Home
2023-11-06,3103,,6,Central,Clothing
2023-09-17,4482,38.93,10,South,Electronics
2023-01-24,4098,11.89,10,East,Home
2023-10-16,4237,13.16,8,South,Home
2023-09-16,6182,12.46,13,West,Clothing
2023-05-06,2666,6.24,1,Central,Electronics
2023-04-23,6227,64.86,13,Central,Sports
2023-07-13,5971,35.25,9,North,Food
2023-10-16,9585,12.89,3,West,Clothing
2023-02-10,1969,268.77,8,Central,Sports
2023-10-23,5336,4.42,4,North,Clothing
2023-12-05,7655,32.16,2,East,Food
2023-08-20,6446,177.02,12,North,Food
2023-01-10,1167,19.2,1,West,Electronics
2023-11-18,6337,12.15,3,West,Electronics
2023-10-06,1921,18.99,7,North,Electronics
2023-12-08,8784,4.54,2,East,Home
2023-04-16,4370,19.98,11,West,Sports
2023-11-22,3255,27.97,3,East,Clothing
2023-03-15,1500,15.7,2,South,Electronics
2023-06-22,6913,123.06,6,East,Food
2023-07-25,6033,42.41,11,South,Electronics
2023-12-22,2166,116.63,1,North,Sports
2023-05-18,5537,22.48,11,East,Clothing
2023-06-30,3078,185.27,14,East,Home
2023-11-14,8741,17.96,7,South,Clothing
2023-03-20,9972,5.35,5,South,Clothing
2023-12-11,9360,15.16,12,West,Electronics
2023-04-03,9203,9.67,11,South,Clothing
2023-06-19,8843,11.86,6,South,Clothing
2023-05-10,2581,27.38,2,East,Electronics
2023-03-14,2433,44.06,12,East,Sports
2023-01-24,8629,5.34,14,West,Food
2023-03-23,3275,558.55,9,East,Home
2023-07-30,2462,5.85,6,West,Electronics
2023-04-13,4067,6.04,12,Central,Home
2023-06-19,3086,23.52,2,North,Electronics
2023-07-19,4191,4.27,12,North,Home
2023-11-20,2502,16.77,14,West,Electronics
2023-01-12,5588,65.72,6,Central,Sports
2023-01-01,1766,22.4,6,Central,Food
2023-12-25,4744,77.61,8,West,Sports
2023-03-02,4249,4.12,5,West,Clothing
2023-12-21,7658,22.98,7,East,Home
2023-04-30,8061,285.51,12,North,Home
2023-11-30,9372,5.69,10,North,Home
2023-01-14,6366,14.04,10,South,Sports
2023-03-08,7706,24.92,8,North,Home
2023-09-04,4909,8.85,13,East,Food
2023-04-21,1213,9.65,5,West,Home
2023-05-08,1375,107.7,10,South,Electronics
2023-04-08,7370,219.09,4,North,Electronics
2023-06-10,4554,180.71,1,East,Home
2023-01-23,4829,17.21,14,North,Sports
2023-12-04,5067,221.06,2,West,Food
2023-12-08,6105,60.58,2,South,Home
2023-05-02,4281,6.37,4,West,Food
2023-06-29,7637,8.11,4,West,Food
2023-08-13,2399,26.21,12,North,Food
2023-12-28,8676,24.86,9,Central,Clothing
2023-03-20,1200,1.46,14,North,Electronics
2023-03-18,3430,29.39,12,South,Electronics
2023-03-27,2143,8.83,11,South,Home
2023-12-06,8219,8.28,3,South,Electronics
2023-09-15,5147,16.52,6,Central,Clothing
2023-04-08,9024,17.97,11,North,Sports
2023-08-07,1863,25.18,3,East,Home
2023-04-29,3676,53.89,11,East,Clothing
2023-08-04,1879,11.71,10,North,Sports
2023-09-28,5447,8.16,5,North,Sports
2023-01-24,7412,14.77,6,Central,Clothing
2023-02-21,4173,15.01,5,Central,Clothing
2023-03-26,3231,18.83,2,Central,Electronics
2023-06-23,9783,3.65,11,South,Electronics
2023-10-31,6097,18.54,11,South,Electronics
2023-09-02,4812,45.82,14,North,Clothing
2023-08-24,8166,29.42,1,East,Sports
2023-10-08,7647,39.64,8,East,Home
2023-04-26,9095,2.19,4,North,Home
2023-11-12,9326,2.26,7,North,Home
2023-05-14,5843,626.29,10,North,Clothing
2023-07-23,2147,69.26,1,North,Electronics
2023-10-29,6260,3.68,4,West,Food
2023-10-09,7944,326.91,8,West,Home
2023-07-23,7582,3.79,4,Central,Food
2023-06-18,2892,13.44,8,Central,Food
2023-08-01,5603,40.34,9,North,Electronics
2023-07-28,1347,10.42,12,West,Food
2023-08-25,1099,4.1,6,North,Sports
2023-09-22,7051,43.07,2,South,Home
2023-04-24,7486,9.19,1,South,Electronics
2023-02-22,2993,24.75,12,Central,Clothing
2023-07-25,6386,13.81,12,South,Clothing
2023-10-15,7357,21.42,9,East,Clothing
2023-11-23,2021,1.6,5,Central,Home
2023-07-28,9140,16.17,5,North,Food
2023-10-13,8808,6.24,6,Central,Clothing
2023-12-22,8529,35.84,8,Central,Food
2023-12-30,7231,7.99,4,Central,Electronics
2023-10-16,2687,33.96,11,West,Food
2023-04-04,4206,7.19,9,North,Sports
2023-11-20,8997,11.93,6,North,Electronics
2023-06-13,3527,13.54,12,West,Food
2023-10-05,8635,8.97,13,East,Clothing
2023-07-18,9337,3.34,6,Central,Clothing
2023-01-15,6186,10.31,4,South,Electronics
2023-06-28,6578,60.98,12,Central,Home
2023-04-22,3013,21.16,8,East,Home
2023-08-30,9882,112.02,6,West,Home
2023-03-12,6385,3.65,6,South,Clothing
2023-11-30,3401,65.5,5,West,Electronics
2023-05-08,4541,2.05,4,West,Electronics
2023-03-11,8268,5.89,14,West,Food
2023-03-27,2224,31.05,4,West,Clothing
2023-05-06,5843,130.42,1,East,Electronics
2023-10-19,3887,5.47,11,North,Electronics
2023-09-06,9633,44.75,8,North,Electronics
2023-04-03,3993,2.53,10,South,Food
2023-01-10,1334,77.72,5,West,Electronics
2023-05-08,1993,20.04,13,North,Home
2023-08-03,5787,22.09,5,South,Electronics
2023-05-01,1967,34.71,11,North,Home
2023-08-10,9232,4.61,8,North,Food
2023-09-23,6015,47.24,6,South,Home
2023-08-23,5701,102.06,4,North,Clothing
2023-12-25,9180,9.8,9,North,Home
2023-09-10,9883,8.04,10,East,Home
2023-04-10,4326,9.29,5,West,Clothing
2023-08-23,1568,1.33,14,West,Sports
2023-02-28,8126,18.61,13,Central,Home
2023-06-18,9522,7.75,4,South,Clothing
2023-09-15,3915,78.46,9,West,Clothing
2023-01-19,9595,31.85,2,Central,Food
2023-10-22,5579,13.58,4,South,Electronics
2023-09-04,2874,12.18,12,South,Clothing
2023-01-21,2287,93.27,2,West,Food
2023-10-24,4042,22.86,4,East,Clothing
2023-08-28,5433,6.92,14,West,Electronics
2023-09-29,9491,12.75,10,East,Home
2023-03-25,6495,39.62,7,South,Clothing
2023-05-19,1596,58.36,7,South,Electronics
2023-04-09,5324,,13,North,Sports
2023-05-18,6519,5.4,7,Central,Clothing
2023-03-11,2447,192.52,6,South,Food
2023-12-18,1778,87.07,13,North,Electronics
2023-06-18,1661,9.37,8,West,Electronics
2023-03-29,9671,92.46,12,East,Food
2023-01-31,5411,9.43,11,East,Electronics
2023-12-09,5617,32.6,4,South,Food
2023-06-01,6884,18.54,12,North,Electronics
2023-08-11,9990,13.28,4,East,Electronics
2023-06-28,4747,138.88,8,West,Home
2023-08-01,4198,63.66,13,Central,Electronics
2023-04-02,6203,4.35,7,South,Food
2023-04-15,2043,86.3,6,South,Home
2023-07-04,4951,6.41,6,North,Food
2023-12-01,6469,6.41,10,South,Food
2023-04-19,4532,13.36,6,South,Home
2023-12-12,3268,,7,Central,Food
2023-09-19,9574,237.69,4,North,Electronics
2023-09-25,2944,22.79,12,Central,Clothing
2023-07-28,6288,16.46,4,North,Food
2023-01-03,4846,17.3,11,West,Sports
2023-01-06,4220,81.21,8,West,Electronics
2023-08-13,3400,52.14,13,South,Home
2023-02-06,8252,7.9,5,East,Electronics
2023-11-14,6259,15.52,7,North,Sports
2023-10-27,4932,157.73,2,Central,Food
2023-06-11,3516,334.75,14,West,Clothing
2023-01-06,1664,6.37,1,Central,Clothing
2023-07-03,9162,23.22,6,North,Home
2023-09-17,1327,11.85,12,North,Clothing
2023-04-30,5069,3.38,12,North,Clothing
2023-03-26,4683,13.62,6,North,Home
2023-04-02,7070,52.39,5,West,Clothing
2023-10-22,4132,1.08,3,South,Electronics
2023-08-01,6577,15.7,9,West,Home
2023-02-08,8148,27.51,7,South,Electronics
2023-06-20,4754,12.57,1,North,Electronics
2023-03-22,2662,2.77,12,West,Clothing
2023-02-14,6698,32.7,13,West,Electronics
2023-07-17,9663,112.46,1,South,Clothing
2023-11-16,7881,114.75,12,East,Food
2023-03-29,3115,0.98,5,North,Food
2023-04-30,4267,9.48,2,South,Clothing
2023-09-10,2820,11.17,7,East,Clothing
2023-11-03,4302,136.57,10,North,Sports
2023-07-14,4878,13.1,7,North,Electronics
2023-07-06,7673,85.35,7,South,Sports
2023-03-25,4179,40.73,1,South,Electronics
2023-10-29,4276,131.75,14,North,Electronics
2023-02-17,5790,118.65,13,West,Clothing
2023-06-21,9776,15.59,8,West,Sports
2023-07-04,2682,15.58,9,East,Sports
2023-09-24,5480,7.16,13,South,Electronics
2023-04-17,6520,3.12,11,North,Sports
2023-07-11,7839,11.11,10,East,Home
2023-04-01,1507,27.27,6,West,Clothing
2023-10-14,1715,2.65,12,East,Electronics
2023-09-02,7191,20.34,6,South,Electronics
2023-06-13,4578,19.7,8,South,Electronics
2023-12-30,1865,54.96,2,East,Electronics
2023-10-20,2381,3.54,6,Central,Clothing
2023-03-22,7796,3.96,9,South,Clothing
2023-02-10,7993,65.18,8,East,Electronics
2023-07-20,1016,19.7,2,West,Clothing
2023-03-03,7538,17.23,10,South,Food
2023-10-20,9725,30.29,2,Central,Sports
2023-12-15,5099,10.69,6,South,Food
2023-12-09,8741,143.27,9,North,Electronics
2023-09-28,6963,4.32,13,South,Electronics
2023-04-17,7481,2.57,12,North,Sports
2023-05-17,9350,46.57,10,West,Clothing
2023-11-27,7055,28.9,10,South,Electronics
2023-03-06,4390,3.74,14,Central,Sports
2023-10-21,7785,24.07,12,South,Home
2023-06-05,2410,83.29,1,Central,Home
2023-10-29,4048,6.66,3,East,Clothing
2023-10-14,1261,13.33,1,West,Home
2023-06-02,8844,56.43,1,South,Sports
2023-11-13,7781,9.27,9,Central,Food
2023-02-08,7444,108.05,5,East,Sports
2023-11-04,1381,32.52,8,North,Home
2023-04-30,3462,8.13,3,West,Food
2023-06-30,2125,12.53,3,West,Sports
2023-11-18,3252,22.34,1,South,Electronics
2023-01-19,1066,4.46,13,West,Clothing
2023-04-29,4898,41.55,4,Central,Electronics
2023-12-13,9875,4.93,7,Central,Clothing
2023-12-13,2635,51.64,10,East,Electronics
2023-06-10,6937,4.64,2,East,Home
2023-05-20,2936,4.3,3,South,Electronics
2023-02-11,3143,399.67,7,North,Home
2023-12-02,9738,15.85,3,West,Home
2023-10-23,2883,15.59,11,South,Electronics
2023-01-21,6627,4.68,4,East,Sports
2023-11-08,5675,12.41,5,Central,Food
2023-03-18,1327,26.27,14,North,Sports
2023-07-26,2244,46.15,14,East,Home
2023-06-17,7124,8.52,12,East,Sports
2023-04-10,1240,19.64,2,North,Home
2023-12-05,6525,1.06,1,South,Electronics
2023-09-17,2658,42.54,7,Central,Food
2023-05-13,5614,33.84,9,Central,Electronics
2023-10-05,7234,50.37,8,North,Home
2023-02-07,8732,53.22,1,East,Electronics
2023-09-08,6471,39.28,12,East,Food
2023-05-04,7645,13.41,10,East,Electronics
2023-02-17,6485,163.37,8,South,Food
2023-05-18,7991,78.6,6,North,Electronics
2023-02-21,7708,71.02,9,West,Clothing
2023-03-23,9870,,11,East,Food
2023-11-23,1470,79.48,14,North,Electronics
2023-08-31,9295,14.86,14,Central,Clothing
2023-09-21,5815,51.02,11,South,Clothing
2023-10-28,8989,24.68,8,West,Electronics
2023-10-25,2565,86.73,9,West,Home
2023-08-28,8832,11.3,8,North,Clothing
2023-10-13,4458,42.67,13,South,Food
2023-02-15,6128,4.98,10,East,Electronics
2023-06-22,5357,51.73,10,South,Sports
2023-05-19,3547,2.09,11,West,Sports
2023-06-13,7894,18.46,8,West,Food
2023-01-29,9752,6.85,9,North,Clothing
2023-12-05,1111,9.61,11,South,Sports
2023-09-16,3563,20.53,14,South,Home
2023-01-06,1102,8.32,1,Central,Electronics
2023-10-18,7788,11.33,3,East,Clothing
2023-11-20,3201,3.16,9,East,Clothing
2023-11-30,9049,90.61,13,North,Clothing
2023-02-10,7345,28.61,13,North,Electronics
2023-11-03,2646,61.5,1,South,Sports
2023-08-31,2200,60.46,2,North,Electronics
2023-10-03,2986,15.08,8,West,Sports
2023-11-11,7246,35.7,4,East,Electronics
2023-04-18,9758,2.43,13,West,Food
2023-02-04,3138,10.95,5,South,Electronics
2023-12-31,3665,8.55,3,West,Food
2023-08-04,7002,10.78,7,East,Clothing
2023-11-07,7023,32.0,13,Central,Clothing
2023-04-29,4509,118.3,1,East,Clothing
2023-09-13,2873,39.99,4,West,Food
2023-03-29,8478,118.26,5,West,Electronics
2023-02-21,3502,6.89,8,East,Sports
2023-06-08,5510,,3,West,Home
2023-12-01,6572,33.76,9,West,Home
2023-06-29,1050,,2,Central,Clothing
2023-07-26,2725,6.62,1,East,Home
2023-10-01,7233,2.99,7,Central,Food
2023-07-16,2831,4.56,2,Central,Food
2023-10-27,1622,87.55,9,South,Home
2023-07-23,3934,7.95,14,East,Sports
2023-01-21,7855,3.0,7,North,Food
2023-05-14,5581,1.96,6,South,Clothing
2023-09-23,4767,5.86,14,South,Clothing
2023-11-24,8085,9.96,9,West,Electronics
2023-12-01,7242,9.17,10,North,Sports
2023-12-31,1677,129.52,10,South,Clothing
2023-08-22,4591,19.74,7,South,Food
2023-01-19,5399,1.78,9,East,Clothing
2023-12-31,3040,3.09,3,East,Home
2023-10-03,8370,47.74,13,South,Home
2023-11-09,5828,2.83,11,Central,Home
2023-08-15,1921,300.83,6,East,Clothing
2023-01-03,2721,9.62,8,East,Clothing
2023-04-14,3841,24.79,13,North,Food
2023-03-22,1089,7.52,2,North,Electronics
2023-08-15,7799,57.2,10,South,Electronics
2023-10-02,2312,39.13,1,South,Food
2023-06-29,9460,7.63,7,North,Electronics
2023-01-24,8445,42.17,12,East,Sports
2023-10-28,6493,220.77,3,South,Home
2023-08-13,9838,7.61,5,Central,Clothing
2023-05-02,2447,64.43,4,West,Sports
2023-04-01,1152,8.57,8,Central,Home
2023-03-03,5396,13.08,12,West,Food
2023-03-12,3138,159.08,10,South,Sports
2023-06-03,2203,8.19,8,North,Electronics
2023-03-21,5821,87.67,6,East,Clothing
2023-06-24,6862,26.49,1,Central,Sports
2023-02-01,6015,29.4,11,North,Home
2023-03-22,9718,13.26,14,North,Clothing
2023-05-27,9095,6.39,7,Central,Electronics
2023-05-29,7659,55.38,7,South,Home
2023-12-06,7471,148.91,8,North,Electronics
2023-10-23,1589,55.34,3,East,Food
2023-07-13,4730,98.03,12,North,Sports
2023-01-01,5736,113.98,9,North,Clothing
2023-04-06,2766,5.79,6,East,Electronics
2023-08-17,6295,9.8,10,East,Food
2023-01-15,9241,37.9,14,East,Electronics
2023-10-17,7314,93.98,13,Central,Electronics
2023-12-19,2784,92.15,8,South,Food
2023-06-17,8966,53.31,9,South,Food
2023-03-22,4352,22.94,10,South,Electronics
2023-09-12,4303,21.5,2,South,Food
2023-11-07,4982,21.43,9,Central,Clothing
2023-10-01,4447,30.86,10,East,Clothing
2023-07-28,4471,9.61,9,South,Sports
2023-02-20,9050,43.85,10,South,Electronics
2023-03-15,8964,26.51,11,South,Electronics
2023-10-13,3772,19.75,5,Central,Home
2023-08-29,3061,78.1,10,West,Clothing
2023-12-21,1451,20.74,9,Central,Clothing
2023-09-26,7943,465.09,11,East,Electronics
2023-08-01,5080,148.68,7,West,Sports
2023-07-27,9058,21.65,1,Central,Clothing
2023-02-02,3093,12.29,9,South,Electronics
2023-06-14,4716,6.69,9,East,Electronics
2023-04-08,8046,135.63,10,Central,Electronics
2023-02-12,6426,51.55,1,North,Electronics
2023-03-25,3283,22.16,1,South,Electronics
2023-10-17,7915,23.78,12,East,Electronics
2023-03-26,2996,30.37,8,Central,Electronics
2023-09-04,2272,59.91,13,North,Sports
2023-06-25,3782,18.64,13,Central,Electronics
2023-06-17,9229,73.74,13,East,Home
2023-06-13,2821,17.19,3,East,Home
2023-10-18,8626,28.21,13,Central,Home
2023-10-20,5984,43.49,8,Central,Clothing
2023-08-08,3259,59.36,1,West,Home
2023-05-29,3168,9.63,10,South,Food
2024-01-01,9172,12.77,10,North,Home
2023-02-10,7791,62.11,9,Central,Home
2023-10-27,2352,15.29,8,North,Electronics
2023-12-09,5897,510.39,5,East,Home
2023-10-11,2458,91.69,7,West,Clothing
2023-03-15,5832,6.35,3,East,Home
2023-09-17,8556,104.32,2,North,Electronics
2023-06-21,6634,7.32,10,South,Electronics
2023-03-08,5756,57.15,7,South,Electronics
2023-12-13,8642,55.39,5,Central,Electronics
2023-06-10,1898,121.92,9,North,Sports
2023-07-10,1865,16.3,3,West,Food
2023-05-20,7548,45.59,14,West,Home
2023-06-02,7757,4.29,12,East,Home
2024-01-01,8147,6.2,10,East,Sports
2023-02-01,3099,148.66,13,South,Food
2023-12-18,4049,12.27,8,North,Food
2023-06-05,1608,2.53,12,East,Clothing
2023-02-09,2122,11.21,6,East,Home
2023-05-25,2872,26.78,7,East,Home
2023-12-14,2945,4.58,10,Central,Electronics
2023-08-19,3278,20.73,9,North,Clothing
2023-10-19,5845,9.5,11,East,Clothing
2023-07-14,2721,13.85,2,Central,Clothing
2023-02-12,4515,3.91,7,Central,Electronics
2023-01-12,5707,14.42,1,South,Clothing
2023-01-25,8747,39.72,11,West,Electronics
2023-11-11,9909,17.42,6,South,Food
2023-01-07,4082,,11,West,Food
2024-01-01,6252,8.53,13,West,Clothing
2023-02-25,5484,42.34,6,East,Electronics
2023-04-09,6812,47.09,11,East,Food
2023-10-19,3401,6.8,10,West,Electronics
2023-03-02,2677,20.98,14,Central,Food
2023-11-04,8074,5.64,12,North,Electronics
2023-11-27,5594,6.4,3,Central,Home
2023-10-26,3363,15.95,14,South,Food
2023-01-31,4337,40.33,10,East,Electronics
2023-11-09,1559,9.54,4,North,Clothing
2023-09-21,3229,27.54,12,South,Electronics
2023-02-11,1620,,10,North,Clothing
2023-03-21,3125,3.25,3,West,Food
2023-09-06,2008,59.93,3,South,Sports
2023-12-20,8261,20.18,4,East,Home
2023-10-27,1505,24.73,14,East,Food
2023-12-08,4210,18.08,1,East,Food
2023-06-25,1226,28.28,13,East,Electronics
2023-01-19,1988,6.89,8,East,Clothing
2023-03-10,8603,22.09,13,South,Sports
2023-04-16,8768,15.81,10,South,Sports
2023-09-04,4955,24.58,13,West,Home
2023-05-24,8345,29.84,9,West,Home
2023-09-01,7669,3.35,10,South,Electronics
2023-10-08,1454,92.84,1,West,Food
2023-01-28,4247,25.4,4,East,Sports
2023-07-05,2204,8.99,10,East,Home
2023-05-11,1514,63.91,11,East,Food
2023-12-22,8759,114.55,3,North,Electronics
2023-10-20,2679,107.28,8,West,Home
2023-11-04,7009,1.96,10,West,Home
2023-06-04,3271,60.84,1,North,Electronics
2023-01-20,5578,6.4,3,South,Home
2023-06-14,6046,47.98,3,West,Home
2023-08-21,4249,117.72,7,North,Sports
2023-11-02,5589,74.69,2,North,Clothing
2023-07-03,6811,13.99,2,Central,Electronics
2023-07-04,9351,16.11,7,North,Clothing
2023-02-15,1727,4.24,6,South,Food
2023-06-22,6129,27.31,6,East,Food
2023-12-28,6060,53.25,2,North,Electronics
2023-03-17,2557,43.5,4,South,Home
2023-04-01,5467,28.68,12,Central,Electronics
2023-03-31,7759,70.81,7,South,Home
2023-07-08,4493,32.33,5,North,Home
2023-09-23,3764,31.18,14,East,Food
2023-01-28,9286,206.18,12,East,Home
2023-05-17,5306,11.72,10,West,Food
2023-09-03,3193,22.64,9,East,Clothing
2023-04-21,9581,26.23,2,East,Electronics
2023-09-03,9400,16.65,10,East,Electronics
2023-10-01,9672,13.57,1,South,Electronics
2023-11-25,2250,281.74,11,North,Home
2023-04-16,3716,2.86,7,North,Electronics
2023-10-11,7042,90.73,13,East,Electronics
2023-12-25,6767,,6,North,Electronics
2023-04-08,2379,4.68,7,West,Electronics
2023-02-03,3673,46.06,1,South,Sports
2023-01-28,1031,38.66,4,East,Clothing
2023-05-18,8958,60.86,1,Central,Electronics
2023-09-15,2677,,13,South,Home
2023-04-07,8050,5.81,12,East,Electronics
2023-11-04,6053,20.5,11,West,Home
2023-09-04,2061,23.76,10,North,Electronics
2023-05-01,3963,12.5,9,East,Electronics
2023-11-19,3804,32.77,4,South,Home
2023-08-10,3962,19.6,1,North,Electronics
2023-03-03,2618,8.92,4,West,Clothing
2023-01-18,6699,132.32,7,West,Home
2023-07-27,5915,5.72,4,West,Electronics
2023-08-07,2099,9.79,4,South,Home
2023-05-11,9495,23.24,1,Central,Home
2024-01-01,2228,28.21,5,South,Electronics
2023-07-23,8022,129.4,4,South,Clothing
2023-07-07,6008,4.26,2,West,Clothing
2023-10-04,4737,52.77,7,West,Electronics
2023-08-29,1049,1.18,4,North,Sports
2023-10-22,7651,138.75,5,North,Food
2023-06-07,5799,3.54,4,North,Food
2023-06-23,5480,13.5,14,North,Food
2023-08-12,9777,92.66,4,West,Home
2023-10-27,6005,140.41,14,East,Sports
2023-07-26,7484,6.64,5,South,Electronics
2023-11-27,2977,8.4,14,South,Electronics
2023-05-18,4007,1.47,3,North,Electronics
2023-03-18,2596,19.93,1,South,Clothing
2023-03-28,5799,36.24,9,North,Clothing
2023-08-30,9669,24.04,10,North,Electronics
2023-11-18,2572,24.64,9,West,Electronics
2023-01-10,1965,19.23,12,East,Electronics
2023-05-20,6734,64.19,9,Central,Sports
2023-08-25,3871,31.53,11,East,Electronics
2023-10-02,6456,87.61,8,West,Clothing
2023-09-30,8417,,14,East,Food
2023-02-27,1531,,14,South,Food
2023-11-24,3931,38.64,14,East,Sports
2023-05-11,6903,1.08,5,Central,Sports
2023-08-03,9012,5.05,7,East,Sports
2023-06-17,6424,40.73,14,West,Clothing
2023-05-14,1357,31.91,4,South,Electronics
2023-10-28,7636,4.97,2,West,Sports
2023-04-18,3748,76.47,13,West,Clothing
2023-08-08,4795,65.47,6,South,Food
2023-12-06,3159,41.4,2,East,Home
2023-03-04,3211,59.38,9,West,Home
2023-05-26,7178,6.66,7,South,Home
2023-08-24,2300,37.84,8,South,Home
2023-11-09,8605,111.23,6,West,Food
2023-05-27,7482,8.91,11,South,Home
2023-08-07,8982,13.07,9,North,Food
2023-07-13,8761,30.79,9,East,Home
2023-01-16,7364,33.35,12,Central,Food
2023-06-13,3759,24.7,14,West,Food
2024-01-01,5388,195.74,12,North,Food
2023-12-17,6510,4.54,10,East,Electronics
2023-07-06,6450,49.62,6,South,Home
2023-12-30,9796,4.89,4,North,Clothing
2023-03-26,7220,13.92,9,West,Sports
2023-05-07,4310,1.29,12,North,Electronics
2023-05-10,7129,37.82,12,South,Electronics
2023-12-29,3881,5.39,3,North,Home
2023-08-20,3756,7.29,2,South,Home
2023-06-03,5535,10.08,12,West,Sports
2023-06-08,3736,7.99,13,North,Food
2023-06-06,5918,25.06,2,North,Electronics
2023-05-09,4318,36.64,9,West,Food
2023-09-09,9109,571.01,13,West,Clothing
2023-09-21,6209,68.95,9,Central,Electronics
2023-05-31,7925,245.33,14,East,Home
2023-08-13,8092,295.12,11,East,Sports
2023-06-16,3640,24.74,1,South,Home
2023-07-26,4865,23.49,4,North,Electronics
2023-07-22,3790,12.09,3,Central,Electronics
2023-02-10,2932,29.49,6,East,Electronics
2023-03-29,5138,14.13,13,Central,Clothing
2023-10-28,1686,28.73,4,West,Food
2023-01-28,8177,2.03,3,North,Clothing
2023-11-05,4159,14.15,14,Central,Electronics
2023-06-03,6914,81.3,2,North,Sports
2023-06-20,9311,25.59,8,South,Electronics
2023-07-28,2622,41.66,14,North,Food
2023-01-29,8433,4.99,3,North,Food
2023-08-20,8303,29.2,8,East,Food
2023-05-31,3585,38.32,12,West,Sports
2023-03-02,1709,20.02,6,North,Clothing
2023-02-26,7372,6.52,6,North,Clothing
2023-04-05,6127,19.59,13,West,Clothing
2023-06-21,4487,24.4,14,West,Electronics
2023-12-08,8077,28.62,2,East,Clothing
2023-11-22,5275,9.77,9,East,Food
2023-09-25,5702,18.3,2,West,Electronics
2023-05-28,6890,24.66,2,East,Clothing
2023-12-21,3593,6.14,9,East,Home
2023-02-03,9825,74.87,1,West,Food
2023-04-29,9058,12.08,10,Central,Electronics
2023-06-26,9531,2.2,11,West,Electronics
